Study	Bioproject	Sample
Bengtsson-Palme 2016	PRJEB14051	ERR1414209
Bengtsson-Palme 2016	PRJEB14051	ERR1414210
Bengtsson-Palme 2016	PRJEB14051	ERR1414211
Bengtsson-Palme 2016	PRJEB14051	ERR1414212
Bengtsson-Palme 2016	PRJEB14051	ERR1414213
Bengtsson-Palme 2016	PRJEB14051	ERR1414214
Bengtsson-Palme 2016	PRJEB14051	ERR1414215
Bengtsson-Palme 2016	PRJEB14051	ERR1414216
Bengtsson-Palme 2016	PRJEB14051	ERR1414217
Bengtsson-Palme 2016	PRJEB14051	ERR1414218
Bengtsson-Palme 2016	PRJEB14051	ERR1414219
Bengtsson-Palme 2016	PRJEB14051	ERR1414220
Bengtsson-Palme 2016	PRJEB14051	ERR1414221
Bengtsson-Palme 2016	PRJEB14051	ERR1414222
Bengtsson-Palme 2016	PRJEB14051	ERR1414223
Bengtsson-Palme 2016	PRJEB14051	ERR1414224
Bengtsson-Palme 2016	PRJEB14051	ERR1414225
Bengtsson-Palme 2016	PRJEB14051	ERR1414226
Bengtsson-Palme 2016	PRJEB14051	ERR1414227
Bengtsson-Palme 2016	PRJEB14051	ERR1414228
Bengtsson-Palme 2016	PRJEB14051	ERR1414229
Bengtsson-Palme 2016	PRJEB14051	ERR1414230
Bengtsson-Palme 2016	PRJEB14051	ERR1414231
Bengtsson-Palme 2016	PRJEB14051	ERR1414232
Bengtsson-Palme 2016	PRJEB14051	ERR1414233
Bengtsson-Palme 2016	PRJEB14051	ERR1414234
Bengtsson-Palme 2016	PRJEB14051	ERR1414235
Bengtsson-Palme 2016	PRJEB14051	ERR1414236
Bengtsson-Palme 2016	PRJEB14051	ERR1414237
Bengtsson-Palme 2016	PRJEB14051	ERR1414238
Bengtsson-Palme 2016	PRJEB14051	ERR1414239
Bengtsson-Palme 2016	PRJEB14051	ERR1414240
Bengtsson-Palme 2016	PRJEB14051	ERR1414241
Bengtsson-Palme 2016	PRJEB14051	ERR1414242
Bengtsson-Palme 2016	PRJEB14051	ERR1414243
Bengtsson-Palme 2016	PRJEB14051	ERR1414244
Bengtsson-Palme 2016	PRJEB14051	ERR1414245
Bengtsson-Palme 2016	PRJEB14051	ERR1414246
Bengtsson-Palme 2016	PRJEB14051	ERR1414247
Bengtsson-Palme 2016	PRJEB14051	ERR1414248
Bengtsson-Palme 2016	PRJEB14051	ERR1414249
Bengtsson-Palme 2016	PRJEB14051	ERR1414250
Bengtsson-Palme 2016	PRJEB14051	ERR1414251
Bengtsson-Palme 2016	PRJEB14051	ERR1414252
Bengtsson-Palme 2016	PRJEB14051	ERR1414253
Bengtsson-Palme 2016	PRJEB14051	ERR1414254
Bengtsson-Palme 2016	PRJEB14051	ERR1414255
Bengtsson-Palme 2016	PRJEB14051	ERR1414256
Bengtsson-Palme 2016	PRJEB14051	ERR1414257
Bengtsson-Palme 2016	PRJEB14051	ERR1414258
Bengtsson-Palme 2016	PRJEB14051	ERR1414259
Bengtsson-Palme 2016	PRJEB14051	ERR1414260
Bengtsson-Palme 2016	PRJEB14051	ERR1414261
Bengtsson-Palme 2016	PRJEB14051	ERR1414262
Bengtsson-Palme 2016	PRJEB14051	ERR1414263
Bengtsson-Palme 2016	PRJEB14051	ERR1414264
Bengtsson-Palme 2016	PRJEB14051	ERR1414265
Bengtsson-Palme 2016	PRJEB14051	ERR1414266
Bengtsson-Palme 2016	PRJEB14051	ERR1414267
Bengtsson-Palme 2016	PRJEB14051	ERR1414268
Bengtsson-Palme 2016	PRJEB14051	ERR1414269
Bengtsson-Palme 2016	PRJEB14051	ERR1414270
Bengtsson-Palme 2016	PRJEB14051	ERR1414271
Bengtsson-Palme 2016	PRJEB14051	ERR1414272
Bengtsson-Palme 2016	PRJEB14051	ERR1414273
Bengtsson-Palme 2016	PRJEB14051	ERR1414274
Bengtsson-Palme 2016	PRJEB14051	ERR1414275
Bengtsson-Palme 2016	PRJEB14051	ERR1414276
Bengtsson-Palme 2016	PRJEB14051	ERR1414277
Bengtsson-Palme 2016	PRJEB14051	ERR1414278
Brinch 2020	PRJEB13832	ERR1467141
Brinch 2020	PRJEB13832	ERR1467142
Brinch 2020	PRJEB13832	ERR1467143
Brinch 2020	PRJEB13832	ERR1467144
Brinch 2020	PRJEB13832	ERR1467145
Brinch 2020	PRJEB13832	ERR1467146
Brinch 2020	PRJEB13832	ERR1467147
Brinch 2020	PRJEB13832	ERR1467148
Brinch 2020	PRJEB13832	ERR1467149
Brinch 2020	PRJEB13832	ERR1467150
Brinch 2020	PRJEB13832	ERR1467151
Brinch 2020	PRJEB13832	ERR1467152
Brinch 2020	PRJEB13832	ERR1467153
Brinch 2020	PRJEB13832	ERR1467154
Brinch 2020	PRJEB13832	ERR1470822
Brinch 2020	PRJEB13832	ERR1470823
Brinch 2020	PRJEB13832	ERR1470824
Brinch 2020	PRJEB13832	ERR1470825
Brinch 2020	PRJEB13832	ERR1470826
Brinch 2020	PRJEB13832	ERR1470827
Brinch 2020	PRJEB13832	ERR1470828
Brinch 2020	PRJEB13832	ERR1470829
Brinch 2020	PRJEB13832	ERR1470830
Brinch 2020	PRJEB13832	ERR1512984
Brinch 2020	PRJEB13832	ERR1512985
Brinch 2020	PRJEB13832	ERR1512986
Brinch 2020	PRJEB13832	ERR1512987
Brinch 2020	PRJEB13832	ERR1512988
Brinch 2020	PRJEB13832	ERR1512990
Brinch 2020	PRJEB13832	ERR1512991
Brinch 2020	PRJEB13832	ERR1512992
Brinch 2020	PRJEB13832	ERR1512993
Brinch 2020	PRJEB13832	ERR1512994
Brinch 2020	PRJEB13832	ERR1512995
Brinch 2020	PRJEB13832	ERR1512996
Brinch 2020	PRJEB13832	ERR1512997
Brinch 2020	PRJEB13832	ERR1512998
Brinch 2020	PRJEB13832	ERR1513002
Brinch 2020	PRJEB13832	ERR1513003
Brinch 2020	PRJEB13832	ERR1513004
Brinch 2020	PRJEB13832	ERR1513005
Brinch 2020	PRJEB13832	ERR1513006
Brinch 2020	PRJEB13832	ERR1513007
Brinch 2020	PRJEB13832	ERR1514427
Brinch 2020	PRJEB13832	ERR1514428
Brinch 2020	PRJEB13832	ERR1514429
Brinch 2020	PRJEB13832	ERR1514430
Brinch 2020	PRJEB34633	ERR3562836
Brinch 2020	PRJEB34633	ERR3562837
Brinch 2020	PRJEB34633	ERR3562838
Brinch 2020	PRJEB34633	ERR3562839
Brinch 2020	PRJEB34633	ERR3562840
Brinch 2020	PRJEB34633	ERR3562841
Brinch 2020	PRJEB34633	ERR3562842
Brinch 2020	PRJEB34633	ERR3562843
Brinch 2020	PRJEB34633	ERR3562844
Brinch 2020	PRJEB34633	ERR3562845
Brinch 2020	PRJEB34633	ERR3562846
Brinch 2020	PRJEB34633	ERR3562847
Brinch 2020	PRJEB34633	ERR3562848
Brinch 2020	PRJEB34633	ERR3562849
Brinch 2020	PRJEB34633	ERR3562850
Brinch 2020	PRJEB34633	ERR3562851
Brinch 2020	PRJEB34633	ERR3562852
Brinch 2020	PRJEB34633	ERR3562853
Brinch 2020	PRJEB34633	ERR3562854
Brinch 2020	PRJEB34633	ERR3562855
Brinch 2020	PRJEB34633	ERR3562856
Brinch 2020	PRJEB34633	ERR3562857
Brinch 2020	PRJEB34633	ERR3562858
Brinch 2020	PRJEB34633	ERR3562859
Brinch 2020	PRJEB34633	ERR3562860
Brinch 2020	PRJEB34633	ERR3562861
Brinch 2020	PRJEB34633	ERR3562862
Brinch 2020	PRJEB34633	ERR3562863
Brinch 2020	PRJEB34633	ERR3562864
Brinch 2020	PRJEB34633	ERR3562865
Brinch 2020	PRJEB34633	ERR3562866
Brinch 2020	PRJEB34633	ERR3562867
Brinch 2020	PRJEB34633	ERR3562868
Brinch 2020	PRJEB34633	ERR3562869
Brinch 2020	PRJEB34633	ERR3562870
Brinch 2020	PRJEB34633	ERR3562871
Brinch 2020	PRJEB34633	ERR3562872
Brinch 2020	PRJEB34633	ERR3562873
Brinch 2020	PRJEB34633	ERR3562874
Brinch 2020	PRJEB34633	ERR3562875
Brinch 2020	PRJEB34633	ERR3562876
Brinch 2020	PRJEB34633	ERR3562877
Brinch 2020	PRJEB34633	ERR3562878
Brinch 2020	PRJEB34633	ERR3562879
Brinch 2020	PRJEB34633	ERR3562880
Brinch 2020	PRJEB34633	ERR3562881
Brinch 2020	PRJEB34633	ERR3562882
Brinch 2020	PRJEB34633	ERR3562883
Brinch 2020	PRJEB34633	ERR3562884
Brinch 2020	PRJEB34633	ERR3562885
Brinch 2020	PRJEB34633	ERR3562886
Brinch 2020	PRJEB34633	ERR3562887
Brinch 2020	PRJEB34633	ERR3562888
Brinch 2020	PRJEB34633	ERR3562889
Brinch 2020	PRJEB34633	ERR3562890
Brinch 2020	PRJEB34633	ERR3562891
Brinch 2020	PRJEB34633	ERR3562892
Brinch 2020	PRJEB34633	ERR3562893
Brinch 2020	PRJEB34633	ERR3562894
Brinch 2020	PRJEB34633	ERR3562895
Brinch 2020	PRJEB34633	ERR3562896
Brinch 2020	PRJEB34633	ERR3562897
Brinch 2020	PRJEB34633	ERR3562898
Brinch 2020	PRJEB34633	ERR3562899
Brinch 2020	PRJEB34633	ERR3562900
Brinch 2020	PRJEB34633	ERR3562901
Brinch 2020	PRJEB34633	ERR3562902
Brinch 2020	PRJEB34633	ERR3562903
Brinch 2020	PRJEB34633	ERR3562904
Brinch 2020	PRJEB34633	ERR3562905
Brinch 2020	PRJEB34633	ERR3562906
Brinch 2020	PRJEB34633	ERR3562907
Brinch 2020	PRJEB34633	ERR3562908
Brinch 2020	PRJEB34633	ERR3562909
Brinch 2020	PRJEB34633	ERR3562910
Brinch 2020	PRJEB34633	ERR3562911
Brinch 2020	PRJEB34633	ERR3562912
Brinch 2020	PRJEB34633	ERR3562913
Brinch 2020	PRJEB34633	ERR3562914
Brinch 2020	PRJEB34633	ERR3562915
Brinch 2020	PRJEB34633	ERR3562916
Brinch 2020	PRJEB34633	ERR3562917
Brinch 2020	PRJEB34633	ERR3562918
Brinch 2020	PRJEB34633	ERR3562919
Brinch 2020	PRJEB34633	ERR3562920
Brinch 2020	PRJEB34633	ERR3562921
Brinch 2020	PRJEB34633	ERR3562922
Brinch 2020	PRJEB34633	ERR3562923
Brinch 2020	PRJEB34633	ERR3562924
Brinch 2020	PRJEB34633	ERR3562925
Brinch 2020	PRJEB34633	ERR3562926
Brinch 2020	PRJEB34633	ERR3562927
Brinch 2020	PRJEB34633	ERR3562928
Brinch 2020	PRJEB34633	ERR3562929
Brinch 2020	PRJEB34633	ERR3562930
Brinch 2020	PRJEB34633	ERR3562931
Brinch 2020	PRJEB34633	ERR3562932
Brinch 2020	PRJEB34633	ERR3562933
Brinch 2020	PRJEB34633	ERR3562934
Brinch 2020	PRJEB34633	ERR3562935
Brinch 2020	PRJEB34633	ERR3562936
Brinch 2020	PRJEB34633	ERR3562937
Brinch 2020	PRJEB34633	ERR3562938
Brinch 2020	PRJEB34633	ERR3562939
Brinch 2020	PRJEB34633	ERR3562940
Brinch 2020	PRJEB34633	ERR3562941
Brinch 2020	PRJEB34633	ERR3562942
Brinch 2020	PRJEB34633	ERR3562943
Brinch 2020	PRJEB34633	ERR3562944
Brinch 2020	PRJEB34633	ERR3562945
Brinch 2020	PRJEB34633	ERR3562946
Brinch 2020	PRJEB34633	ERR3562947
Brinch 2020	PRJEB34633	ERR3562948
Brinch 2020	PRJEB34633	ERR3562949
Brinch 2020	PRJEB34633	ERR3562950
Brinch 2020	PRJEB34633	ERR3562951
Brinch 2020	PRJEB34633	ERR3562952
Brinch 2020	PRJEB34633	ERR3562953
Brinch 2020	PRJEB34633	ERR3562954
Brinch 2020	PRJEB34633	ERR3562955
Brinch 2020	PRJEB34633	ERR3562956
Brinch 2020	PRJEB34633	ERR3562957
Brinch 2020	PRJEB34633	ERR3562958
Brinch 2020	PRJEB34633	ERR3562959
Brinch 2020	PRJEB34633	ERR3562960
Brinch 2020	PRJEB34633	ERR3562961
Brinch 2020	PRJEB34633	ERR3562962
Brinch 2020	PRJEB34633	ERR3562963
Brinch 2020	PRJEB34633	ERR3562964
Brinch 2020	PRJEB34633	ERR3562965
Brinch 2020	PRJEB34633	ERR3562966
Brinch 2020	PRJEB34633	ERR3562967
Brinch 2020	PRJEB34633	ERR3562968
Brinch 2020	PRJEB34633	ERR3562969
Brinch 2020	PRJEB34633	ERR3562970
Brinch 2020	PRJEB34633	ERR3562971
Brinch 2020	PRJEB34633	ERR3562972
Brinch 2020	PRJEB34633	ERR3562973
Brinch 2020	PRJEB34633	ERR3562974
Brinch 2020	PRJEB34633	ERR3562975
Brinch 2020	PRJEB34633	ERR3562976
Brinch 2020	PRJEB34633	ERR3562977
Brinch 2020	PRJEB34633	ERR3562978
Brinch 2020	PRJEB34633	ERR3562979
Brinch 2020	PRJEB34633	ERR3562980
Brinch 2020	PRJEB34633	ERR3562981
Brinch 2020	PRJEB34633	ERR3562982
Brinch 2020	PRJEB34633	ERR3562983
Brinch 2020	PRJEB34633	ERR3562984
Brinch 2020	PRJEB34633	ERR3562985
Brinch 2020	PRJEB34633	ERR3562986
Brinch 2020	PRJEB34633	ERR3562987
Brinch 2020	PRJEB34633	ERR3562988
Brinch 2020	PRJEB34633	ERR3562989
Brinch 2020	PRJEB34633	ERR3562990
Brinch 2020	PRJEB34633	ERR3562991
Brinch 2020	PRJEB34633	ERR3562992
Brinch 2020	PRJEB34633	ERR3562993
Brinch 2020	PRJEB34633	ERR3562994
Brinch 2020	PRJEB34633	ERR3562995
Brinch 2020	PRJEB34633	ERR3562996
Brinch 2020	PRJEB34633	ERR3562997
Brinch 2020	PRJEB34633	ERR3562998
Brinch 2020	PRJEB34633	ERR3562999
Brinch 2020	PRJEB34633	ERR3563000
Brinch 2020	PRJEB34633	ERR3563001
Brinch 2020	PRJEB34633	ERR3563002
Brinch 2020	PRJEB34633	ERR3563003
Brinch 2020	PRJEB34633	ERR3563004
Brinch 2020	PRJEB34633	ERR3563005
Brinch 2020	PRJEB34633	ERR3563006
Brinch 2020	PRJEB34633	ERR3563007
Brinch 2020	PRJEB34633	ERR3563008
Brinch 2020	PRJEB34633	ERR3563009
Brinch 2020	PRJEB34633	ERR3563010
Brinch 2020	PRJEB34633	ERR3563011
Brinch 2020	PRJEB34633	ERR3563012
Brinch 2020	PRJEB34633	ERR3563013
Brinch 2020	PRJEB34633	ERR3563014
Brinch 2020	PRJEB34633	ERR3563015
Brinch 2020	PRJEB34633	ERR3563016
Brinch 2020	PRJEB34633	ERR3563017
Brinch 2020	PRJEB34633	ERR3563018
Brinch 2020	PRJEB34633	ERR3563019
Brinch 2020	PRJEB34633	ERR3563020
Brinch 2020	PRJEB34633	ERR3563021
Brinch 2020	PRJEB34633	ERR3563022
Brinch 2020	PRJEB34633	ERR3563023
Brinch 2020	PRJEB34633	ERR3563024
Brinch 2020	PRJEB34633	ERR3563025
Brinch 2020	PRJEB34633	ERR3563026
Brinch 2020	PRJEB34633	ERR3563027
Brinch 2020	PRJEB34633	ERR3563028
Brinch 2020	PRJEB34633	ERR3563029
Brinch 2020	PRJEB34633	ERR3563030
Brinch 2020	PRJEB34633	ERR3563031
Brinch 2020	PRJEB34633	ERR3563032
Brinch 2020	PRJEB34633	ERR3563033
Brinch 2020	PRJEB34633	ERR3563034
Brinch 2020	PRJEB34633	ERR3563035
Brinch 2020	PRJEB34633	ERR3563036
Brinch 2020	PRJEB34633	ERR3563037
Brinch 2020	PRJEB34633	ERR3563038
Brinch 2020	PRJEB34633	ERR3563039
Brinch 2020	PRJEB34633	ERR3563040
Brinch 2020	PRJEB34633	ERR3563041
Brinch 2020	PRJEB34633	ERR3563042
Brinch 2020	PRJEB34633	ERR3563043
Brinch 2020	PRJEB34633	ERR3563044
Brinch 2020	PRJEB34633	ERR3563045
Brinch 2020	PRJEB34633	ERR3563046
Brinch 2020	PRJEB34633	ERR3563047
Brinch 2020	PRJEB34633	ERR3563048
Brinch 2020	PRJEB34633	ERR3563049
Brinch 2020	PRJEB34633	ERR3563050
Brinch 2020	PRJEB34633	ERR3563051
Brinch 2020	PRJEB34633	ERR3563052
Brinch 2020	PRJEB34633	ERR3563053
Brinch 2020	PRJEB34633	ERR3563054
Brinch 2020	PRJEB34633	ERR3563055
Brinch 2020	PRJEB34633	ERR3563056
Brinch 2020	PRJEB34633	ERR3563057
Brinch 2020	PRJEB34633	ERR3563058
Brinch 2020	PRJEB34633	ERR3563059
Brinch 2020	PRJEB34633	ERR3563060
Brinch 2020	PRJEB34633	ERR3563061
Brinch 2020	PRJEB34633	ERR3563062
Brinch 2020	PRJEB34633	ERR3563063
Brinch 2020	PRJEB34633	ERR3563064
Brinch 2020	PRJEB34633	ERR3563065
Brinch 2020	PRJEB34633	ERR3563066
Brinch 2020	PRJEB34633	ERR3563067
Brinch 2020	PRJEB34633	ERR3563068
Brinch 2020	PRJEB34633	ERR3563069
Brinch 2020	PRJEB34633	ERR3563070
Brinch 2020	PRJEB34633	ERR3563071
Brinch 2020	PRJEB34633	ERR3563072
Brinch 2020	PRJEB34633	ERR3563073
Brinch 2020	PRJEB34633	ERR3563074
Brinch 2020	PRJEB34633	ERR3563075
Brinch 2020	PRJEB34633	ERR3563076
Brinch 2020	PRJEB34633	ERR3563077
Brinch 2020	PRJEB34633	ERR3563078
Brinch 2020	PRJEB34633	ERR3563079
Brinch 2020	PRJEB34633	ERR3563080
Brinch 2020	PRJEB34633	ERR3563081
Brinch 2020	PRJEB34633	ERR3563082
Brinch 2020	PRJEB34633	ERR3563083
Brinch 2020	PRJEB34633	ERR3563084
Brinch 2020	PRJEB34633	ERR3563085
Brinch 2020	PRJEB34633	ERR3563086
Brinch 2020	PRJEB34633	ERR3563087
Brinch 2020	PRJEB34633	ERR3563088
Brinch 2020	PRJEB34633	ERR3563089
Brinch 2020	PRJEB34633	ERR3563090
Brinch 2020	PRJEB34633	ERR3563091
Brinch 2020	PRJEB34633	ERR3563092
Brinch 2020	PRJEB34633	ERR3563093
Brinch 2020	PRJEB34633	ERR3563094
Brinch 2020	PRJEB34633	ERR3563095
Brinch 2020	PRJEB34633	ERR3563096
Brinch 2020	PRJEB34633	ERR3563097
Brinch 2020	PRJEB34633	ERR3563098
Brinch 2020	PRJEB34633	ERR3563100
Brinch 2020	PRJEB34633	ERR3563101
Brinch 2020	PRJEB34633	ERR3563103
Brinch 2020	PRJEB34633	ERR3563104
Brinch 2020	PRJEB34633	ERR3563105
Brinch 2020	PRJEB34633	ERR3563106
Brinch 2020	PRJEB34633	ERR3563107
Brinch 2020	PRJEB34633	ERR3563108
Brinch 2020	PRJEB34633	ERR3563109
Brinch 2020	PRJEB34633	ERR3563110
Brinch 2020	PRJEB34633	ERR3563111
Brinch 2020	PRJEB34633	ERR3563112
Brumfield 2022	PRJNA812772	SRR18218717
Brumfield 2022	PRJNA812772	SRR18218718
Brumfield 2022	PRJNA812772	SRR18218719
Brumfield 2022	PRJNA812772	SRR18218720
Brumfield 2022	PRJNA812772	SRR18218721
Brumfield 2022	PRJNA812772	SRR18218722
Brumfield 2022	PRJNA812772	SRR18218723
Brumfield 2022	PRJNA812772	SRR18218724
Brumfield 2022	PRJNA812772	SRR18218730
Brumfield 2022	PRJNA812772	SRR18218731
Brumfield 2022	PRJNA812772	SRR18218732
Brumfield 2022	PRJNA812772	SRR18218733
Crits-Christoph 2021	PRJNA661613	SRR12596165
Crits-Christoph 2021	PRJNA661613	SRR12596166
Crits-Christoph 2021	PRJNA661613	SRR12596167
Crits-Christoph 2021	PRJNA661613	SRR12596168
Crits-Christoph 2021	PRJNA661613	SRR12596169
Crits-Christoph 2021	PRJNA661613	SRR12596170
Crits-Christoph 2021	PRJNA661613	SRR12596171
Crits-Christoph 2021	PRJNA661613	SRR12596172
Crits-Christoph 2021	PRJNA661613	SRR12596173
Crits-Christoph 2021	PRJNA661613	SRR12596174
Crits-Christoph 2021	PRJNA661613	SRR12596175
Crits-Christoph 2021	PRJNA661613	SRR23998353
Crits-Christoph 2021	PRJNA661613	SRR23998354
Crits-Christoph 2021	PRJNA661613	SRR23998355
Crits-Christoph 2021	PRJNA661613	SRR23998356
Crits-Christoph 2021	PRJNA661613	SRR23998357
Crits-Christoph 2021	PRJNA661613	SRR23998358
Crits-Christoph 2021	PRJNA661613	SRR23998359
Maritz 2019	PRJEB28033	ERR2729796
Maritz 2019	PRJEB28033	ERR2729797
Maritz 2019	PRJEB28033	ERR2729798
Maritz 2019	PRJEB28033	ERR2729799
Maritz 2019	PRJEB28033	ERR2729800
Maritz 2019	PRJEB28033	ERR2729801
Maritz 2019	PRJEB28033	ERR2729802
Maritz 2019	PRJEB28033	ERR2729803
Maritz 2019	PRJEB28033	ERR2729804
Maritz 2019	PRJEB28033	ERR2729805
Maritz 2019	PRJEB28033	ERR2729806
Maritz 2019	PRJEB28033	ERR2729807
Maritz 2019	PRJEB28033	ERR2729808
Maritz 2019	PRJEB28033	ERR2729809
Maritz 2019	PRJEB28033	ERR2729810
Maritz 2019	PRJEB28033	ERR2729811
Munk 2022	PRJEB13831	ERR1713331
Munk 2022	PRJEB13831	ERR1713332
Munk 2022	PRJEB13831	ERR1713333
Munk 2022	PRJEB13831	ERR1713335
Munk 2022	PRJEB13831	ERR1713336
Munk 2022	PRJEB13831	ERR1713337
Munk 2022	PRJEB13831	ERR1713338
Munk 2022	PRJEB13831	ERR1713339
Munk 2022	PRJEB13831	ERR1713340
Munk 2022	PRJEB13831	ERR1713341
Munk 2022	PRJEB13831	ERR1713342
Munk 2022	PRJEB13831	ERR1713343
Munk 2022	PRJEB13831	ERR1713344
Munk 2022	PRJEB13831	ERR1713345
Munk 2022	PRJEB13831	ERR1713346
Munk 2022	PRJEB13831	ERR1713347
Munk 2022	PRJEB13831	ERR1713348
Munk 2022	PRJEB13831	ERR1713349
Munk 2022	PRJEB13831	ERR1713350
Munk 2022	PRJEB13831	ERR1713351
Munk 2022	PRJEB13831	ERR1713352
Munk 2022	PRJEB13831	ERR1713353
Munk 2022	PRJEB13831	ERR1713354
Munk 2022	PRJEB13831	ERR1713355
Munk 2022	PRJEB13831	ERR1713356
Munk 2022	PRJEB13831	ERR1713357
Munk 2022	PRJEB13831	ERR1713358
Munk 2022	PRJEB13831	ERR1713359
Munk 2022	PRJEB13831	ERR1713360
Munk 2022	PRJEB13831	ERR1713361
Munk 2022	PRJEB13831	ERR1713362
Munk 2022	PRJEB13831	ERR1713363
Munk 2022	PRJEB13831	ERR1713364
Munk 2022	PRJEB13831	ERR1713365
Munk 2022	PRJEB13831	ERR1713366
Munk 2022	PRJEB13831	ERR1713367
Munk 2022	PRJEB13831	ERR1713368
Munk 2022	PRJEB13831	ERR1713369
Munk 2022	PRJEB13831	ERR1713370
Munk 2022	PRJEB13831	ERR1713371
Munk 2022	PRJEB13831	ERR1713372
Munk 2022	PRJEB13831	ERR1713373
Munk 2022	PRJEB13831	ERR1713374
Munk 2022	PRJEB13831	ERR1713375
Munk 2022	PRJEB13831	ERR1713376
Munk 2022	PRJEB13831	ERR1713377
Munk 2022	PRJEB13831	ERR1713378
Munk 2022	PRJEB13831	ERR1713379
Munk 2022	PRJEB13831	ERR1713380
Munk 2022	PRJEB13831	ERR1713381
Munk 2022	PRJEB13831	ERR1713382
Munk 2022	PRJEB13831	ERR1713383
Munk 2022	PRJEB13831	ERR1713384
Munk 2022	PRJEB13831	ERR1713385
Munk 2022	PRJEB13831	ERR1713386
Munk 2022	PRJEB13831	ERR1713387
Munk 2022	PRJEB13831	ERR1713388
Munk 2022	PRJEB13831	ERR1713389
Munk 2022	PRJEB13831	ERR1713390
Munk 2022	PRJEB13831	ERR1713391
Munk 2022	PRJEB13831	ERR1713392
Munk 2022	PRJEB13831	ERR1713393
Munk 2022	PRJEB13831	ERR1713394
Munk 2022	PRJEB13831	ERR1713395
Munk 2022	PRJEB13831	ERR1713396
Munk 2022	PRJEB13831	ERR1713397
Munk 2022	PRJEB13831	ERR1713398
Munk 2022	PRJEB13831	ERR1713399
Munk 2022	PRJEB13831	ERR1713400
Munk 2022	PRJEB13831	ERR1713401
Munk 2022	PRJEB13831	ERR1713402
Munk 2022	PRJEB13831	ERR1713403
Munk 2022	PRJEB13831	ERR1713404
Munk 2022	PRJEB13831	ERR1713405
Munk 2022	PRJEB13831	ERR1713406
Munk 2022	PRJEB13831	ERR1713407
Munk 2022	PRJEB13831	ERR1713408
Munk 2022	PRJEB13831	ERR1713409
Munk 2022	PRJEB13831	ERR1713410
Munk 2022	PRJEB13831	ERR1713411
Munk 2022	PRJEB13831	ERR1725938
Munk 2022	PRJEB13831	ERR1725939
Munk 2022	PRJEB13831	ERR1725940
Munk 2022	PRJEB13831	ERR1725941
Munk 2022	PRJEB13831	ERR1725942
Munk 2022	PRJEB13831	ERR1725943
Munk 2022	PRJEB13831	ERR1725944
Munk 2022	PRJEB13831	ERR1725947
Munk 2022	PRJEB13831	ERR1725948
Munk 2022	PRJEB13831	ERR1725949
Munk 2022	PRJEB13831	ERR1725950
Munk 2022	PRJEB13831	ERR1725951
Munk 2022	PRJEB13831	ERR1725952
Munk 2022	PRJEB13831	ERR1725953
Munk 2022	PRJEB13831	ERR1725954
Munk 2022	PRJEB13831	ERR1725955
Munk 2022	PRJEB13831	ERR1725956
Munk 2022	PRJEB13831	ERR1725957
Munk 2022	PRJEB13831	ERR1725958
Munk 2022	PRJEB13831	ERR1725959
Munk 2022	PRJEB13831	ERR1725960
Munk 2022	PRJEB13831	ERR1725961
Munk 2022	PRJEB13831	ERR1725962
Munk 2022	PRJEB13831	ERR1725963
Munk 2022	PRJEB13831	ERR1725964
Munk 2022	PRJEB13831	ERR1725965
Munk 2022	PRJEB13831	ERR1725966
Munk 2022	PRJEB13831	ERR1725967
Munk 2022	PRJEB13831	ERR1725968
Munk 2022	PRJEB13831	ERR1725969
Munk 2022	PRJEB13831	ERR1725970
Munk 2022	PRJEB13831	ERR1725971
Munk 2022	PRJEB13831	ERR1725972
Munk 2022	PRJEB13831	ERR1725973
Munk 2022	PRJEB13831	ERR1725974
Munk 2022	PRJEB13831	ERR1725975
Munk 2022	PRJEB13831	ERR1725976
Munk 2022	PRJEB13831	ERR1725977
Munk 2022	PRJEB13831	ERR1725978
Munk 2022	PRJEB13831	ERR1725979
Munk 2022	PRJEB13831	ERR1725980
Munk 2022	PRJEB13831	ERR1725981
Munk 2022	PRJEB13831	ERR1725982
Munk 2022	PRJEB13831	ERR1725983
Munk 2022	PRJEB13831	ERR1725984
Munk 2022	PRJEB13831	ERR1725985
Munk 2022	PRJEB13831	ERR1725986
Munk 2022	PRJEB13831	ERR1725987
Munk 2022	PRJEB13831	ERR1725988
Munk 2022	PRJEB13831	ERR1725989
Munk 2022	PRJEB13831	ERR1725990
Munk 2022	PRJEB13831	ERR1725991
Munk 2022	PRJEB13831	ERR1725992
Munk 2022	PRJEB13831	ERR1725993
Munk 2022	PRJEB13831	ERR1725994
Munk 2022	PRJEB13831	ERR1725995
Munk 2022	PRJEB13831	ERR1725996
Munk 2022	PRJEB13831	ERR1725997
Munk 2022	PRJEB13831	ERR1725998
Munk 2022	PRJEB13831	ERR1725999
Munk 2022	PRJEB13831	ERR1726000
Munk 2022	PRJEB13831	ERR1726001
Munk 2022	PRJEB13831	ERR1726002
Munk 2022	PRJEB13831	ERR1726003
Munk 2022	PRJEB13831	ERR1726004
Munk 2022	PRJEB13831	ERR1726005
Munk 2022	PRJEB13831	ERR1726006
Munk 2022	PRJEB13831	ERR1726007
Munk 2022	PRJEB13831	ERR1726008
Munk 2022	PRJEB13831	ERR1726009
Munk 2022	PRJEB13831	ERR1726010
Munk 2022	PRJEB13831	ERR1726011
Munk 2022	PRJEB13831	ERR1726012
Munk 2022	PRJEB13831	ERR1726013
Munk 2022	PRJEB13831	ERR1726014
Munk 2022	PRJEB13831	ERR1726015
Munk 2022	PRJEB13831	ERR1726016
Munk 2022	PRJEB13831	ERR1726017
Munk 2022	PRJEB13831	ERR1726018
Munk 2022	PRJEB13831	ERR1726019
Munk 2022	PRJEB13831	ERR1726020
Munk 2022	PRJEB13831	ERR1726021
Munk 2022	PRJEB13831	ERR1726022
Munk 2022	PRJEB13831	ERR1726023
Munk 2022	PRJEB13831	ERR1726024
Munk 2022	PRJEB13831	ERR1726025
Munk 2022	PRJEB13831	ERR1726026
Munk 2022	PRJEB13831	ERR1726027
Munk 2022	PRJEB13831	ERR1726028
Munk 2022	PRJEB13831	ERR1726029
Munk 2022	PRJEB13831	ERR1726030
Munk 2022	PRJEB13831	ERR1726031
Munk 2022	PRJEB13831	ERR1726032
Munk 2022	PRJEB13831	ERR1726033
Munk 2022	PRJEB13831	ERR1726034
Munk 2022	PRJEB13831	ERR1726035
Munk 2022	PRJEB13831	ERR2592244
Munk 2022	PRJEB13831	ERR2592245
Munk 2022	PRJEB13831	ERR2592247
Munk 2022	PRJEB13831	ERR2592248
Munk 2022	PRJEB13831	ERR2592249
Munk 2022	PRJEB13831	ERR2592250
Munk 2022	PRJEB13831	ERR2592251
Munk 2022	PRJEB13831	ERR2592252
Munk 2022	PRJEB13831	ERR2592253
Munk 2022	PRJEB13831	ERR2592254
Munk 2022	PRJEB13831	ERR2592255
Munk 2022	PRJEB13831	ERR2592256
Munk 2022	PRJEB13831	ERR2592257
Munk 2022	PRJEB13831	ERR2592258
Munk 2022	PRJEB13831	ERR2592259
Munk 2022	PRJEB13831	ERR2592260
Munk 2022	PRJEB13831	ERR2592261
Munk 2022	PRJEB13831	ERR2592262
Munk 2022	PRJEB13831	ERR2592263
Munk 2022	PRJEB13831	ERR2592264
Munk 2022	PRJEB13831	ERR2592265
Munk 2022	PRJEB13831	ERR2592266
Munk 2022	PRJEB13831	ERR2592267
Munk 2022	PRJEB13831	ERR2592268
Munk 2022	PRJEB13831	ERR2592269
Munk 2022	PRJEB13831	ERR2592270
Munk 2022	PRJEB13831	ERR2592271
Munk 2022	PRJEB13831	ERR2592272
Munk 2022	PRJEB13831	ERR2592273
Munk 2022	PRJEB13831	ERR2592274
Munk 2022	PRJEB13831	ERR2592275
Munk 2022	PRJEB13831	ERR2592276
Munk 2022	PRJEB13831	ERR2592277
Munk 2022	PRJEB13831	ERR2592278
Munk 2022	PRJEB13831	ERR2592279
Munk 2022	PRJEB13831	ERR2592280
Munk 2022	PRJEB13831	ERR2592281
Munk 2022	PRJEB13831	ERR2592282
Munk 2022	PRJEB13831	ERR2592283
Munk 2022	PRJEB13831	ERR2592328
Munk 2022	PRJEB13831	ERR2592329
Munk 2022	PRJEB13831	ERR2592331
Munk 2022	PRJEB13831	ERR2592332
Munk 2022	PRJEB13831	ERR2592333
Munk 2022	PRJEB13831	ERR2592334
Munk 2022	PRJEB13831	ERR2592335
Munk 2022	PRJEB13831	ERR2592336
Munk 2022	PRJEB13831	ERR2592337
Munk 2022	PRJEB13831	ERR2592338
Munk 2022	PRJEB13831	ERR2592339
Munk 2022	PRJEB13831	ERR2592340
Munk 2022	PRJEB13831	ERR2592341
Munk 2022	PRJEB13831	ERR2592342
Munk 2022	PRJEB13831	ERR2592343
Munk 2022	PRJEB13831	ERR9855084
Munk 2022	PRJEB13831	ERR9855085
Munk 2022	PRJEB13831	ERR9855086
Munk 2022	PRJEB13831	ERR9855087
Munk 2022	PRJEB13831	ERR9855088
Munk 2022	PRJEB13831	ERR9855089
Munk 2022	PRJEB13831	ERR9855090
Munk 2022	PRJEB13831	ERR9855091
Munk 2022	PRJEB13831	ERR9855092
Munk 2022	PRJEB13831	ERR9855093
Munk 2022	PRJEB13831	ERR9855094
Munk 2022	PRJEB13831	ERR9855095
Munk 2022	PRJEB13831	ERR9855096
Munk 2022	PRJEB13831	ERR9855097
Munk 2022	PRJEB13831	ERR9855098
Munk 2022	PRJEB13831	ERR9855099
Munk 2022	PRJEB27054	ERR2607371
Munk 2022	PRJEB27054	ERR2607372
Munk 2022	PRJEB27054	ERR2607373
Munk 2022	PRJEB27054	ERR2607374
Munk 2022	PRJEB27054	ERR2607375
Munk 2022	PRJEB27054	ERR2607376
Munk 2022	PRJEB27054	ERR2607377
Munk 2022	PRJEB27054	ERR2607378
Munk 2022	PRJEB27054	ERR2607379
Munk 2022	PRJEB27054	ERR2607380
Munk 2022	PRJEB27054	ERR2607381
Munk 2022	PRJEB27054	ERR2607382
Munk 2022	PRJEB27054	ERR2607383
Munk 2022	PRJEB27054	ERR2607384
Munk 2022	PRJEB27054	ERR2607385
Munk 2022	PRJEB27054	ERR2607386
Munk 2022	PRJEB27054	ERR2607387
Munk 2022	PRJEB27054	ERR2607388
Munk 2022	PRJEB27054	ERR2607389
Munk 2022	PRJEB27054	ERR2607390
Munk 2022	PRJEB27054	ERR2607391
Munk 2022	PRJEB27054	ERR2607392
Munk 2022	PRJEB27054	ERR2607393
Munk 2022	PRJEB27054	ERR2607394
Munk 2022	PRJEB27054	ERR2607395
Munk 2022	PRJEB27054	ERR2607396
Munk 2022	PRJEB27054	ERR2607397
Munk 2022	PRJEB27054	ERR2607398
Munk 2022	PRJEB27054	ERR2607399
Munk 2022	PRJEB27054	ERR2607400
Munk 2022	PRJEB27054	ERR2607401
Munk 2022	PRJEB27054	ERR2607402
Munk 2022	PRJEB27054	ERR2607403
Munk 2022	PRJEB27054	ERR2607404
Munk 2022	PRJEB27054	ERR2607405
Munk 2022	PRJEB27054	ERR2607406
Munk 2022	PRJEB27054	ERR2607407
Munk 2022	PRJEB27054	ERR2607408
Munk 2022	PRJEB27054	ERR2607409
Munk 2022	PRJEB27054	ERR2607410
Munk 2022	PRJEB27054	ERR2607411
Munk 2022	PRJEB27054	ERR2607412
Munk 2022	PRJEB27054	ERR2607413
Munk 2022	PRJEB27054	ERR2607414
Munk 2022	PRJEB27054	ERR2607415
Munk 2022	PRJEB27054	ERR2607416
Munk 2022	PRJEB27054	ERR2607417
Munk 2022	PRJEB27054	ERR2607418
Munk 2022	PRJEB27054	ERR2607419
Munk 2022	PRJEB27054	ERR2607420
Munk 2022	PRJEB27054	ERR2607421
Munk 2022	PRJEB27054	ERR2607422
Munk 2022	PRJEB27054	ERR2607423
Munk 2022	PRJEB27054	ERR2607424
Munk 2022	PRJEB27054	ERR2607425
Munk 2022	PRJEB27054	ERR2607426
Munk 2022	PRJEB27054	ERR2607427
Munk 2022	PRJEB27054	ERR2607428
Munk 2022	PRJEB27054	ERR2607429
Munk 2022	PRJEB27054	ERR2607430
Munk 2022	PRJEB27054	ERR2607431
Munk 2022	PRJEB27054	ERR2607432
Munk 2022	PRJEB27054	ERR2607433
Munk 2022	PRJEB27054	ERR2607434
Munk 2022	PRJEB27054	ERR2607435
Munk 2022	PRJEB27054	ERR2607436
Munk 2022	PRJEB27054	ERR2607437
Munk 2022	PRJEB27054	ERR2607438
Munk 2022	PRJEB27054	ERR2607439
Munk 2022	PRJEB27054	ERR2607440
Munk 2022	PRJEB27054	ERR2607441
Munk 2022	PRJEB27054	ERR2607442
Munk 2022	PRJEB27054	ERR2607443
Munk 2022	PRJEB27054	ERR2607444
Munk 2022	PRJEB27054	ERR2607445
Munk 2022	PRJEB27054	ERR2607446
Munk 2022	PRJEB27054	ERR2607447
Munk 2022	PRJEB27054	ERR2607448
Munk 2022	PRJEB27054	ERR2607449
Munk 2022	PRJEB27054	ERR2607450
Munk 2022	PRJEB27054	ERR2607451
Munk 2022	PRJEB27054	ERR2607452
Munk 2022	PRJEB27054	ERR2607453
Munk 2022	PRJEB27054	ERR2607454
Munk 2022	PRJEB27054	ERR2607455
Munk 2022	PRJEB27054	ERR2607456
Munk 2022	PRJEB27054	ERR2607457
Munk 2022	PRJEB27054	ERR2607458
Munk 2022	PRJEB27054	ERR2607459
Munk 2022	PRJEB27054	ERR2607460
Munk 2022	PRJEB27054	ERR2607461
Munk 2022	PRJEB27054	ERR2607462
Munk 2022	PRJEB27054	ERR2607463
Munk 2022	PRJEB27054	ERR2607464
Munk 2022	PRJEB27054	ERR2607465
Munk 2022	PRJEB27054	ERR2607466
Munk 2022	PRJEB27054	ERR2607467
Munk 2022	PRJEB27054	ERR2607468
Munk 2022	PRJEB27054	ERR2607469
Munk 2022	PRJEB27054	ERR2607470
Munk 2022	PRJEB27054	ERR2607471
Munk 2022	PRJEB27054	ERR2607472
Munk 2022	PRJEB27054	ERR2607473
Munk 2022	PRJEB27054	ERR2607474
Munk 2022	PRJEB27054	ERR2607475
Munk 2022	PRJEB27054	ERR2607476
Munk 2022	PRJEB27054	ERR2607477
Munk 2022	PRJEB27054	ERR2607478
Munk 2022	PRJEB27054	ERR2607479
Munk 2022	PRJEB27054	ERR2607480
Munk 2022	PRJEB27054	ERR2607481
Munk 2022	PRJEB27054	ERR2607482
Munk 2022	PRJEB27054	ERR2607483
Munk 2022	PRJEB27054	ERR2607484
Munk 2022	PRJEB27054	ERR2607485
Munk 2022	PRJEB27054	ERR2607486
Munk 2022	PRJEB27054	ERR2607487
Munk 2022	PRJEB27054	ERR2607488
Munk 2022	PRJEB27054	ERR2607489
Munk 2022	PRJEB27054	ERR2607490
Munk 2022	PRJEB27054	ERR2607491
Munk 2022	PRJEB27054	ERR2607492
Munk 2022	PRJEB27054	ERR2607493
Munk 2022	PRJEB27054	ERR2607494
Munk 2022	PRJEB27054	ERR2607495
Munk 2022	PRJEB27054	ERR2607496
Munk 2022	PRJEB27054	ERR2607497
Munk 2022	PRJEB27054	ERR2607498
Munk 2022	PRJEB27054	ERR2607499
Munk 2022	PRJEB27054	ERR2607500
Munk 2022	PRJEB27054	ERR2607501
Munk 2022	PRJEB27054	ERR2607502
Munk 2022	PRJEB27054	ERR2607503
Munk 2022	PRJEB27054	ERR2607504
Munk 2022	PRJEB27054	ERR2607505
Munk 2022	PRJEB27054	ERR2607506
Munk 2022	PRJEB27054	ERR2607507
Munk 2022	PRJEB27054	ERR2607508
Munk 2022	PRJEB27054	ERR2607509
Munk 2022	PRJEB27054	ERR2607510
Munk 2022	PRJEB27054	ERR2607511
Munk 2022	PRJEB27054	ERR2607512
Munk 2022	PRJEB27054	ERR2607513
Munk 2022	PRJEB27054	ERR2607514
Munk 2022	PRJEB27054	ERR2607515
Munk 2022	PRJEB27054	ERR2607516
Munk 2022	PRJEB27054	ERR2607517
Munk 2022	PRJEB27054	ERR2607518
Munk 2022	PRJEB27054	ERR2607519
Munk 2022	PRJEB27054	ERR2607520
Munk 2022	PRJEB27054	ERR2607521
Munk 2022	PRJEB27054	ERR2607522
Munk 2022	PRJEB27054	ERR2607523
Munk 2022	PRJEB27054	ERR2607524
Munk 2022	PRJEB27054	ERR2607525
Munk 2022	PRJEB27054	ERR2607526
Munk 2022	PRJEB27054	ERR2607527
Munk 2022	PRJEB27054	ERR2607528
Munk 2022	PRJEB27054	ERR2607529
Munk 2022	PRJEB27054	ERR2607530
Munk 2022	PRJEB27054	ERR2607531
Munk 2022	PRJEB27054	ERR2607532
Munk 2022	PRJEB27054	ERR2607533
Munk 2022	PRJEB27054	ERR2607534
Munk 2022	PRJEB27054	ERR2607535
Munk 2022	PRJEB27054	ERR2607536
Munk 2022	PRJEB27054	ERR2607537
Munk 2022	PRJEB27054	ERR2607538
Munk 2022	PRJEB27054	ERR2607539
Munk 2022	PRJEB27054	ERR2607540
Munk 2022	PRJEB27054	ERR2607541
Munk 2022	PRJEB27054	ERR2607542
Munk 2022	PRJEB27054	ERR2607543
Munk 2022	PRJEB27054	ERR2607544
Munk 2022	PRJEB27054	ERR2607545
Munk 2022	PRJEB27054	ERR2607546
Munk 2022	PRJEB27054	ERR2607547
Munk 2022	PRJEB27054	ERR2607548
Munk 2022	PRJEB27054	ERR2607549
Munk 2022	PRJEB27054	ERR2607550
Munk 2022	PRJEB27054	ERR2607551
Munk 2022	PRJEB27054	ERR2607552
Munk 2022	PRJEB27054	ERR2607553
Munk 2022	PRJEB27054	ERR2607554
Munk 2022	PRJEB27054	ERR2607555
Munk 2022	PRJEB27054	ERR2607556
Munk 2022	PRJEB27054	ERR2607557
Munk 2022	PRJEB27054	ERR2607558
Munk 2022	PRJEB27054	ERR2607559
Munk 2022	PRJEB27054	ERR2607560
Munk 2022	PRJEB27054	ERR2607561
Munk 2022	PRJEB27054	ERR2607562
Munk 2022	PRJEB27054	ERR2607563
Munk 2022	PRJEB27054	ERR2607564
Munk 2022	PRJEB27054	ERR2607565
Munk 2022	PRJEB27054	ERR2607566
Munk 2022	PRJEB27054	ERR2607567
Munk 2022	PRJEB27054	ERR2607568
Munk 2022	PRJEB27054	ERR2607569
Munk 2022	PRJEB27054	ERR2607570
Munk 2022	PRJEB27054	ERR2607571
Munk 2022	PRJEB27054	ERR2607572
Munk 2022	PRJEB27054	ERR2607573
Munk 2022	PRJEB27054	ERR2607574
Munk 2022	PRJEB27054	ERR2607575
Munk 2022	PRJEB27054	ERR2607576
Munk 2022	PRJEB27054	ERR2607577
Munk 2022	PRJEB27054	ERR2607578
Munk 2022	PRJEB27054	ERR2607579
Munk 2022	PRJEB27054	ERR2607580
Munk 2022	PRJEB27054	ERR2607581
Munk 2022	PRJEB27054	ERR2607582
Munk 2022	PRJEB27054	ERR2607583
Munk 2022	PRJEB27054	ERR2607584
Munk 2022	PRJEB27054	ERR2607585
Munk 2022	PRJEB27054	ERR2607586
Munk 2022	PRJEB27054	ERR2607587
Munk 2022	PRJEB27054	ERR2607588
Munk 2022	PRJEB27054	ERR2607589
Munk 2022	PRJEB27054	ERR2607590
Munk 2022	PRJEB27054	ERR2607591
Munk 2022	PRJEB27054	ERR2607592
Munk 2022	PRJEB27054	ERR2607593
Munk 2022	PRJEB27054	ERR2607594
Munk 2022	PRJEB27054	ERR2607595
Munk 2022	PRJEB27054	ERR2607596
Munk 2022	PRJEB27054	ERR2607597
Munk 2022	PRJEB27054	ERR2607598
Munk 2022	PRJEB27054	ERR2607599
Munk 2022	PRJEB27054	ERR2607600
Munk 2022	PRJEB27054	ERR2607601
Munk 2022	PRJEB27054	ERR2607602
Munk 2022	PRJEB27054	ERR2607603
Munk 2022	PRJEB27054	ERR2607604
Munk 2022	PRJEB27054	ERR2607605
Munk 2022	PRJEB27621	ERR2683114
Munk 2022	PRJEB27621	ERR2683115
Munk 2022	PRJEB27621	ERR2683116
Munk 2022	PRJEB27621	ERR2683117
Munk 2022	PRJEB27621	ERR2683118
Munk 2022	PRJEB27621	ERR2683119
Munk 2022	PRJEB27621	ERR2683120
Munk 2022	PRJEB27621	ERR2683121
Munk 2022	PRJEB27621	ERR2683122
Munk 2022	PRJEB27621	ERR2683123
Munk 2022	PRJEB27621	ERR2683124
Munk 2022	PRJEB27621	ERR2683125
Munk 2022	PRJEB27621	ERR2683126
Munk 2022	PRJEB27621	ERR2683127
Munk 2022	PRJEB27621	ERR2683128
Munk 2022	PRJEB27621	ERR2683129
Munk 2022	PRJEB27621	ERR2683130
Munk 2022	PRJEB27621	ERR2683131
Munk 2022	PRJEB27621	ERR2683132
Munk 2022	PRJEB27621	ERR2683133
Munk 2022	PRJEB27621	ERR2683134
Munk 2022	PRJEB27621	ERR2683135
Munk 2022	PRJEB27621	ERR2683136
Munk 2022	PRJEB27621	ERR2683137
Munk 2022	PRJEB27621	ERR2683138
Munk 2022	PRJEB27621	ERR2683139
Munk 2022	PRJEB27621	ERR2683140
Munk 2022	PRJEB27621	ERR2683141
Munk 2022	PRJEB27621	ERR2683142
Munk 2022	PRJEB27621	ERR2683143
Munk 2022	PRJEB27621	ERR2683144
Munk 2022	PRJEB27621	ERR2683145
Munk 2022	PRJEB27621	ERR2683146
Munk 2022	PRJEB27621	ERR2683147
Munk 2022	PRJEB27621	ERR2683148
Munk 2022	PRJEB27621	ERR2683149
Munk 2022	PRJEB27621	ERR2683150
Munk 2022	PRJEB27621	ERR2683151
Munk 2022	PRJEB27621	ERR2683152
Munk 2022	PRJEB27621	ERR2683153
Munk 2022	PRJEB27621	ERR2683154
Munk 2022	PRJEB27621	ERR2683155
Munk 2022	PRJEB27621	ERR2683156
Munk 2022	PRJEB27621	ERR2683157
Munk 2022	PRJEB27621	ERR2683158
Munk 2022	PRJEB27621	ERR2683159
Munk 2022	PRJEB27621	ERR2683160
Munk 2022	PRJEB27621	ERR2683161
Munk 2022	PRJEB27621	ERR2683162
Munk 2022	PRJEB27621	ERR2683163
Munk 2022	PRJEB27621	ERR2683164
Munk 2022	PRJEB27621	ERR2683165
Munk 2022	PRJEB27621	ERR2683166
Munk 2022	PRJEB27621	ERR2683167
Munk 2022	PRJEB27621	ERR2683168
Munk 2022	PRJEB27621	ERR2683169
Munk 2022	PRJEB27621	ERR2683170
Munk 2022	PRJEB27621	ERR2683171
Munk 2022	PRJEB27621	ERR2683172
Munk 2022	PRJEB27621	ERR2683173
Munk 2022	PRJEB27621	ERR2683174
Munk 2022	PRJEB27621	ERR2683175
Munk 2022	PRJEB27621	ERR2683176
Munk 2022	PRJEB27621	ERR2683177
Munk 2022	PRJEB27621	ERR2683178
Munk 2022	PRJEB27621	ERR2683179
Munk 2022	PRJEB27621	ERR2683180
Munk 2022	PRJEB27621	ERR2683181
Munk 2022	PRJEB27621	ERR2683182
Munk 2022	PRJEB27621	ERR2683183
Munk 2022	PRJEB27621	ERR2683184
Munk 2022	PRJEB27621	ERR2683185
Munk 2022	PRJEB27621	ERR2683186
Munk 2022	PRJEB27621	ERR2683187
Munk 2022	PRJEB27621	ERR2683188
Munk 2022	PRJEB27621	ERR2683189
Munk 2022	PRJEB27621	ERR2683190
Munk 2022	PRJEB27621	ERR2683191
Munk 2022	PRJEB27621	ERR2683193
Munk 2022	PRJEB27621	ERR2683194
Munk 2022	PRJEB27621	ERR2683195
Munk 2022	PRJEB27621	ERR2683196
Munk 2022	PRJEB27621	ERR2683197
Munk 2022	PRJEB27621	ERR2683198
Munk 2022	PRJEB27621	ERR2683199
Munk 2022	PRJEB27621	ERR2683200
Munk 2022	PRJEB27621	ERR2683203
Munk 2022	PRJEB27621	ERR2683209
Munk 2022	PRJEB27621	ERR2683210
Munk 2022	PRJEB27621	ERR2683211
Munk 2022	PRJEB27621	ERR2683212
Munk 2022	PRJEB27621	ERR2683213
Munk 2022	PRJEB27621	ERR2683214
Munk 2022	PRJEB27621	ERR2683215
Munk 2022	PRJEB27621	ERR2683216
Munk 2022	PRJEB27621	ERR2683217
Munk 2022	PRJEB27621	ERR2683218
Munk 2022	PRJEB27621	ERR2683219
Munk 2022	PRJEB27621	ERR2683220
Munk 2022	PRJEB27621	ERR2683221
Munk 2022	PRJEB27621	ERR2683222
Munk 2022	PRJEB27621	ERR2683223
Munk 2022	PRJEB27621	ERR2683224
Munk 2022	PRJEB27621	ERR2683225
Munk 2022	PRJEB27621	ERR2683226
Munk 2022	PRJEB27621	ERR2683227
Munk 2022	PRJEB27621	ERR2683228
Munk 2022	PRJEB27621	ERR2683229
Munk 2022	PRJEB27621	ERR2683230
Munk 2022	PRJEB27621	ERR2683231
Munk 2022	PRJEB27621	ERR2683232
Munk 2022	PRJEB27621	ERR2683233
Munk 2022	PRJEB27621	ERR2683234
Munk 2022	PRJEB27621	ERR2683235
Munk 2022	PRJEB27621	ERR2683236
Munk 2022	PRJEB27621	ERR2683237
Munk 2022	PRJEB27621	ERR2683238
Munk 2022	PRJEB27621	ERR2683239
Munk 2022	PRJEB27621	ERR2683240
Munk 2022	PRJEB27621	ERR2683241
Munk 2022	PRJEB27621	ERR2683242
Munk 2022	PRJEB27621	ERR2683243
Munk 2022	PRJEB27621	ERR2683244
Munk 2022	PRJEB27621	ERR2683245
Munk 2022	PRJEB27621	ERR2683246
Munk 2022	PRJEB27621	ERR2683247
Munk 2022	PRJEB27621	ERR2683248
Munk 2022	PRJEB27621	ERR2683249
Munk 2022	PRJEB27621	ERR2683250
Munk 2022	PRJEB27621	ERR2683251
Munk 2022	PRJEB27621	ERR2683252
Munk 2022	PRJEB27621	ERR2683253
Munk 2022	PRJEB27621	ERR2683254
Munk 2022	PRJEB27621	ERR2683255
Munk 2022	PRJEB27621	ERR2683256
Munk 2022	PRJEB27621	ERR2683257
Munk 2022	PRJEB27621	ERR2683258
Munk 2022	PRJEB27621	ERR2683259
Munk 2022	PRJEB27621	ERR2683260
Munk 2022	PRJEB27621	ERR2683261
Munk 2022	PRJEB27621	ERR2683262
Munk 2022	PRJEB27621	ERR2683263
Munk 2022	PRJEB27621	ERR2683264
Munk 2022	PRJEB27621	ERR2683265
Munk 2022	PRJEB27621	ERR2683266
Munk 2022	PRJEB27621	ERR2683267
Munk 2022	PRJEB27621	ERR2683268
Munk 2022	PRJEB27621	ERR2683269
Munk 2022	PRJEB27621	ERR2683270
Munk 2022	PRJEB27621	ERR2683271
Munk 2022	PRJEB27621	ERR2683272
Munk 2022	PRJEB27621	ERR2683273
Munk 2022	PRJEB27621	ERR2683274
Munk 2022	PRJEB27621	ERR2683275
Munk 2022	PRJEB27621	ERR2683276
Munk 2022	PRJEB27621	ERR2683277
Munk 2022	PRJEB27621	ERR2683278
Munk 2022	PRJEB27621	ERR2683279
Munk 2022	PRJEB27621	ERR2683280
Munk 2022	PRJEB27621	ERR2683525
Munk 2022	PRJEB27621	ERR2683526
Munk 2022	PRJEB27621	ERR2683527
Munk 2022	PRJEB27621	ERR2683528
Munk 2022	PRJEB27621	ERR2683529
Munk 2022	PRJEB27621	ERR2683530
Munk 2022	PRJEB27621	ERR2683531
Munk 2022	PRJEB27621	ERR2683532
Munk 2022	PRJEB27621	ERR2683533
Munk 2022	PRJEB27621	ERR2683534
Munk 2022	PRJEB27621	ERR2683535
Munk 2022	PRJEB27621	ERR2683536
Munk 2022	PRJEB27621	ERR2683537
Munk 2022	PRJEB27621	ERR2683538
Munk 2022	PRJEB27621	ERR9833719
Munk 2022	PRJEB27621	ERR9834200
Munk 2022	PRJEB40798	ERR4678558
Munk 2022	PRJEB40798	ERR4678559
Munk 2022	PRJEB40798	ERR4678560
Munk 2022	PRJEB40798	ERR4678561
Munk 2022	PRJEB40798	ERR4678562
Munk 2022	PRJEB40798	ERR4678563
Munk 2022	PRJEB40798	ERR4678564
Munk 2022	PRJEB40798	ERR4678565
Munk 2022	PRJEB40798	ERR4678566
Munk 2022	PRJEB40798	ERR4678567
Munk 2022	PRJEB40798	ERR4678568
Munk 2022	PRJEB40798	ERR4678569
Munk 2022	PRJEB40798	ERR4678570
Munk 2022	PRJEB40798	ERR4678571
Munk 2022	PRJEB40798	ERR4678572
Munk 2022	PRJEB40798	ERR4678573
Munk 2022	PRJEB40798	ERR4678574
Munk 2022	PRJEB40798	ERR4678575
Munk 2022	PRJEB40798	ERR4678576
Munk 2022	PRJEB40798	ERR4678577
Munk 2022	PRJEB40798	ERR4678578
Munk 2022	PRJEB40798	ERR4678579
Munk 2022	PRJEB40798	ERR4678580
Munk 2022	PRJEB40798	ERR4678581
Munk 2022	PRJEB40798	ERR4678582
Munk 2022	PRJEB40798	ERR4678583
Munk 2022	PRJEB40798	ERR4678584
Munk 2022	PRJEB40798	ERR4678585
Munk 2022	PRJEB40798	ERR4678586
Munk 2022	PRJEB40798	ERR4678587
Munk 2022	PRJEB40798	ERR4678588
Munk 2022	PRJEB40798	ERR4678589
Munk 2022	PRJEB40798	ERR4678590
Munk 2022	PRJEB40798	ERR4678591
Munk 2022	PRJEB40798	ERR4678592
Munk 2022	PRJEB40798	ERR4678593
Munk 2022	PRJEB40798	ERR4678594
Munk 2022	PRJEB40798	ERR4678595
Munk 2022	PRJEB40798	ERR4678596
Munk 2022	PRJEB40798	ERR4678597
Munk 2022	PRJEB40798	ERR4678598
Munk 2022	PRJEB40798	ERR4678599
Munk 2022	PRJEB40798	ERR4678600
Munk 2022	PRJEB40798	ERR4678601
Munk 2022	PRJEB40798	ERR4678602
Munk 2022	PRJEB40798	ERR4678603
Munk 2022	PRJEB40798	ERR4678604
Munk 2022	PRJEB40798	ERR4678605
Munk 2022	PRJEB40798	ERR4678606
Munk 2022	PRJEB40798	ERR4678607
Munk 2022	PRJEB40798	ERR4678608
Munk 2022	PRJEB40798	ERR4678609
Munk 2022	PRJEB40798	ERR4678610
Munk 2022	PRJEB40798	ERR4678611
Munk 2022	PRJEB40798	ERR4678612
Munk 2022	PRJEB40798	ERR4678613
Munk 2022	PRJEB40798	ERR4678614
Munk 2022	PRJEB40798	ERR4678615
Munk 2022	PRJEB40798	ERR4678616
Munk 2022	PRJEB40798	ERR4678617
Munk 2022	PRJEB40798	ERR4678618
Munk 2022	PRJEB40798	ERR4678619
Munk 2022	PRJEB40798	ERR4678620
Munk 2022	PRJEB40798	ERR4678621
Munk 2022	PRJEB40798	ERR4678622
Munk 2022	PRJEB40798	ERR4678623
Munk 2022	PRJEB40798	ERR4678624
Munk 2022	PRJEB40798	ERR4678625
Munk 2022	PRJEB40798	ERR4678626
Munk 2022	PRJEB40798	ERR4678627
Munk 2022	PRJEB40798	ERR4678628
Munk 2022	PRJEB40798	ERR4678629
Munk 2022	PRJEB40798	ERR4678630
Munk 2022	PRJEB40798	ERR4678631
Munk 2022	PRJEB40798	ERR4678632
Munk 2022	PRJEB40798	ERR4678633
Munk 2022	PRJEB40798	ERR4678634
Munk 2022	PRJEB40798	ERR4678635
Munk 2022	PRJEB40798	ERR4678636
Munk 2022	PRJEB40798	ERR4678637
Munk 2022	PRJEB40798	ERR4678638
Munk 2022	PRJEB40798	ERR4678639
Munk 2022	PRJEB40798	ERR4678640
Munk 2022	PRJEB40798	ERR4678641
Munk 2022	PRJEB40798	ERR4678642
Munk 2022	PRJEB40798	ERR4678643
Munk 2022	PRJEB40798	ERR4678644
Munk 2022	PRJEB40798	ERR4678645
Munk 2022	PRJEB40798	ERR4678646
Munk 2022	PRJEB40798	ERR4678647
Munk 2022	PRJEB40798	ERR4678648
Munk 2022	PRJEB40798	ERR4678649
Munk 2022	PRJEB40798	ERR4678650
Munk 2022	PRJEB40798	ERR4678651
Munk 2022	PRJEB40798	ERR4678652
Munk 2022	PRJEB40798	ERR4678653
Munk 2022	PRJEB40798	ERR4678654
Munk 2022	PRJEB40798	ERR4678655
Munk 2022	PRJEB40798	ERR4678656
Munk 2022	PRJEB40798	ERR4678657
Munk 2022	PRJEB40798	ERR4678658
Munk 2022	PRJEB40798	ERR4678659
Munk 2022	PRJEB40798	ERR4678660
Munk 2022	PRJEB40798	ERR4678661
Munk 2022	PRJEB40798	ERR4678662
Munk 2022	PRJEB40798	ERR4678663
Munk 2022	PRJEB40798	ERR4678664
Munk 2022	PRJEB40798	ERR4678665
Munk 2022	PRJEB40798	ERR4678666
Munk 2022	PRJEB40798	ERR4678667
Munk 2022	PRJEB40798	ERR4678668
Munk 2022	PRJEB40798	ERR4678669
Munk 2022	PRJEB40798	ERR4678670
Munk 2022	PRJEB40798	ERR4678671
Munk 2022	PRJEB40798	ERR4678672
Munk 2022	PRJEB40798	ERR4678673
Munk 2022	PRJEB40798	ERR4678674
Munk 2022	PRJEB40798	ERR4678675
Munk 2022	PRJEB40798	ERR4678676
Munk 2022	PRJEB40798	ERR4678677
Munk 2022	PRJEB40798	ERR4678678
Munk 2022	PRJEB40798	ERR4678679
Munk 2022	PRJEB40798	ERR4678680
Munk 2022	PRJEB40798	ERR4678681
Munk 2022	PRJEB40798	ERR4678682
Munk 2022	PRJEB40798	ERR4678683
Munk 2022	PRJEB40798	ERR4678684
Munk 2022	PRJEB40798	ERR4678685
Munk 2022	PRJEB40798	ERR4678686
Munk 2022	PRJEB40798	ERR4678687
Munk 2022	PRJEB40798	ERR4678688
Munk 2022	PRJEB40798	ERR4678689
Munk 2022	PRJEB40798	ERR4678690
Munk 2022	PRJEB40798	ERR4678691
Munk 2022	PRJEB40798	ERR4678692
Munk 2022	PRJEB40798	ERR4678693
Munk 2022	PRJEB40798	ERR4678694
Munk 2022	PRJEB40798	ERR4678695
Munk 2022	PRJEB40798	ERR4678696
Munk 2022	PRJEB40798	ERR4678697
Munk 2022	PRJEB40798	ERR4678698
Munk 2022	PRJEB40798	ERR4678699
Munk 2022	PRJEB40798	ERR4678700
Munk 2022	PRJEB40798	ERR4678701
Munk 2022	PRJEB40798	ERR4678702
Munk 2022	PRJEB40798	ERR4678703
Munk 2022	PRJEB40798	ERR4678704
Munk 2022	PRJEB40798	ERR4678705
Munk 2022	PRJEB40798	ERR4678706
Munk 2022	PRJEB40798	ERR4678707
Munk 2022	PRJEB40815	ERR4682329
Munk 2022	PRJEB40815	ERR4682330
Munk 2022	PRJEB40815	ERR4682331
Munk 2022	PRJEB40815	ERR4682332
Munk 2022	PRJEB40815	ERR4682333
Munk 2022	PRJEB40815	ERR4682334
Munk 2022	PRJEB40815	ERR4682335
Munk 2022	PRJEB40815	ERR4682336
Munk 2022	PRJEB40815	ERR4682337
Munk 2022	PRJEB40815	ERR4682338
Munk 2022	PRJEB40815	ERR4682339
Munk 2022	PRJEB40815	ERR4682340
Munk 2022	PRJEB40815	ERR4682341
Munk 2022	PRJEB40815	ERR4682342
Munk 2022	PRJEB40815	ERR4682343
Munk 2022	PRJEB40815	ERR4682344
Munk 2022	PRJEB40815	ERR4682345
Munk 2022	PRJEB40815	ERR4682346
Munk 2022	PRJEB40815	ERR4682347
Munk 2022	PRJEB40815	ERR4682348
Munk 2022	PRJEB40815	ERR4682349
Munk 2022	PRJEB40815	ERR4682350
Munk 2022	PRJEB40815	ERR4682351
Munk 2022	PRJEB40815	ERR4682352
Munk 2022	PRJEB40815	ERR4682353
Munk 2022	PRJEB40815	ERR4682354
Munk 2022	PRJEB40815	ERR4682355
Munk 2022	PRJEB40815	ERR4682356
Munk 2022	PRJEB40815	ERR4682357
Munk 2022	PRJEB40815	ERR4682358
Munk 2022	PRJEB40815	ERR4682359
Munk 2022	PRJEB40815	ERR4682360
Munk 2022	PRJEB40815	ERR4682361
Munk 2022	PRJEB40815	ERR4682362
Munk 2022	PRJEB40815	ERR4682363
Munk 2022	PRJEB40815	ERR4682364
Munk 2022	PRJEB40815	ERR4682365
Munk 2022	PRJEB40815	ERR4682366
Munk 2022	PRJEB40815	ERR4682367
Munk 2022	PRJEB40815	ERR4682368
Munk 2022	PRJEB40815	ERR4682369
Munk 2022	PRJEB40815	ERR4682370
Munk 2022	PRJEB40815	ERR4682371
Munk 2022	PRJEB40815	ERR4682372
Munk 2022	PRJEB40815	ERR4682373
Munk 2022	PRJEB40815	ERR4682374
Munk 2022	PRJEB40815	ERR4682375
Munk 2022	PRJEB40815	ERR4682376
Munk 2022	PRJEB40815	ERR4682377
Munk 2022	PRJEB40815	ERR4682378
Munk 2022	PRJEB40815	ERR4682379
Munk 2022	PRJEB40815	ERR4682380
Munk 2022	PRJEB40815	ERR4682381
Munk 2022	PRJEB40815	ERR4682382
Munk 2022	PRJEB40815	ERR4682383
Munk 2022	PRJEB40815	ERR4682384
Munk 2022	PRJEB40815	ERR4682385
Munk 2022	PRJEB40815	ERR4682386
Munk 2022	PRJEB40815	ERR4682387
Munk 2022	PRJEB40815	ERR4682388
Munk 2022	PRJEB40815	ERR4682389
Munk 2022	PRJEB40815	ERR4682390
Munk 2022	PRJEB40815	ERR4682391
Munk 2022	PRJEB40815	ERR4682392
Munk 2022	PRJEB40815	ERR4682393
Munk 2022	PRJEB40815	ERR4682394
Munk 2022	PRJEB40815	ERR4682395
Munk 2022	PRJEB40815	ERR4682396
Munk 2022	PRJEB40815	ERR4682397
Munk 2022	PRJEB40815	ERR4682398
Munk 2022	PRJEB40815	ERR4682399
Munk 2022	PRJEB40815	ERR4682400
Munk 2022	PRJEB40815	ERR4682401
Munk 2022	PRJEB40815	ERR4682402
Munk 2022	PRJEB40815	ERR4682403
Munk 2022	PRJEB40815	ERR4682404
Munk 2022	PRJEB40815	ERR4682405
Munk 2022	PRJEB40815	ERR4682406
Munk 2022	PRJEB40815	ERR4682407
Munk 2022	PRJEB40815	ERR4682408
Munk 2022	PRJEB40815	ERR4682409
Munk 2022	PRJEB40815	ERR4682410
Munk 2022	PRJEB40815	ERR4682411
Munk 2022	PRJEB40815	ERR4682412
Munk 2022	PRJEB40815	ERR4682413
Munk 2022	PRJEB40815	ERR4682414
Munk 2022	PRJEB40815	ERR4682415
Munk 2022	PRJEB40815	ERR4682416
Munk 2022	PRJEB40815	ERR4682417
Munk 2022	PRJEB40815	ERR4682418
Munk 2022	PRJEB40815	ERR4682419
Munk 2022	PRJEB40815	ERR4682420
Munk 2022	PRJEB40815	ERR4682421
Munk 2022	PRJEB40815	ERR4682422
Munk 2022	PRJEB40815	ERR4682423
Munk 2022	PRJEB40815	ERR4682424
Munk 2022	PRJEB40815	ERR4682425
Munk 2022	PRJEB40815	ERR4682426
Munk 2022	PRJEB40815	ERR4682427
Munk 2022	PRJEB40815	ERR4682428
Munk 2022	PRJEB40815	ERR4682429
Munk 2022	PRJEB40815	ERR4682430
Munk 2022	PRJEB40815	ERR4682431
Munk 2022	PRJEB40815	ERR4682432
Munk 2022	PRJEB40815	ERR4682433
Munk 2022	PRJEB40815	ERR4682434
Munk 2022	PRJEB40815	ERR4682435
Munk 2022	PRJEB40815	ERR4682436
Munk 2022	PRJEB40815	ERR4682437
Munk 2022	PRJEB40815	ERR4682438
Munk 2022	PRJEB40815	ERR4682439
Munk 2022	PRJEB40815	ERR4682440
Munk 2022	PRJEB40815	ERR4682441
Munk 2022	PRJEB40815	ERR4682442
Munk 2022	PRJEB40815	ERR4682443
Munk 2022	PRJEB40815	ERR4682444
Munk 2022	PRJEB40815	ERR4682445
Munk 2022	PRJEB40815	ERR4682446
Munk 2022	PRJEB40815	ERR4682447
Munk 2022	PRJEB40815	ERR4682448
Munk 2022	PRJEB40815	ERR4682449
Munk 2022	PRJEB40815	ERR4682450
Munk 2022	PRJEB40815	ERR4682451
Munk 2022	PRJEB40815	ERR4682452
Munk 2022	PRJEB40815	ERR4682453
Munk 2022	PRJEB40815	ERR4682454
Munk 2022	PRJEB40815	ERR4682455
Munk 2022	PRJEB40815	ERR4682456
Munk 2022	PRJEB40815	ERR4682457
Munk 2022	PRJEB40815	ERR4682458
Munk 2022	PRJEB40815	ERR4682459
Munk 2022	PRJEB40815	ERR4682460
Munk 2022	PRJEB40815	ERR4682461
Munk 2022	PRJEB40815	ERR4682462
Munk 2022	PRJEB40815	ERR4682463
Munk 2022	PRJEB40815	ERR4682464
Munk 2022	PRJEB40815	ERR4682465
Munk 2022	PRJEB40815	ERR4682466
Munk 2022	PRJEB40815	ERR4682467
Munk 2022	PRJEB40815	ERR4682468
Munk 2022	PRJEB40815	ERR4682469
Munk 2022	PRJEB40815	ERR4682470
Munk 2022	PRJEB40815	ERR4682471
Munk 2022	PRJEB40815	ERR4682472
Munk 2022	PRJEB40815	ERR4682473
Munk 2022	PRJEB40815	ERR4682474
Munk 2022	PRJEB40815	ERR4682475
Munk 2022	PRJEB40815	ERR4682476
Munk 2022	PRJEB40816	ERR4682772
Munk 2022	PRJEB40816	ERR4682773
Munk 2022	PRJEB40816	ERR4682774
Munk 2022	PRJEB40816	ERR4682775
Munk 2022	PRJEB40816	ERR4682776
Munk 2022	PRJEB40816	ERR4682777
Munk 2022	PRJEB40816	ERR4682778
Munk 2022	PRJEB40816	ERR4682779
Munk 2022	PRJEB40816	ERR4682780
Munk 2022	PRJEB40816	ERR4682781
Munk 2022	PRJEB40816	ERR4682782
Munk 2022	PRJEB40816	ERR4682783
Munk 2022	PRJEB40816	ERR4682784
Munk 2022	PRJEB40816	ERR4682785
Munk 2022	PRJEB40816	ERR4682786
Munk 2022	PRJEB40816	ERR4682787
Munk 2022	PRJEB40816	ERR4682788
Munk 2022	PRJEB40816	ERR4682789
Munk 2022	PRJEB40816	ERR4682790
Munk 2022	PRJEB40816	ERR4682791
Munk 2022	PRJEB40816	ERR4682792
Munk 2022	PRJEB40816	ERR4682793
Munk 2022	PRJEB40816	ERR4682794
Munk 2022	PRJEB40816	ERR4682795
Munk 2022	PRJEB40816	ERR4682796
Munk 2022	PRJEB40816	ERR4682797
Munk 2022	PRJEB40816	ERR4682798
Munk 2022	PRJEB40816	ERR4682799
Munk 2022	PRJEB40816	ERR4682800
Munk 2022	PRJEB40816	ERR4682801
Munk 2022	PRJEB40816	ERR4682802
Munk 2022	PRJEB40816	ERR4682803
Munk 2022	PRJEB40816	ERR4682804
Munk 2022	PRJEB40816	ERR4682805
Munk 2022	PRJEB40816	ERR4682806
Munk 2022	PRJEB40816	ERR4682807
Munk 2022	PRJEB40816	ERR4682808
Munk 2022	PRJEB40816	ERR4682809
Munk 2022	PRJEB40816	ERR4682810
Munk 2022	PRJEB40816	ERR4682811
Munk 2022	PRJEB40816	ERR4682812
Munk 2022	PRJEB40816	ERR4682813
Munk 2022	PRJEB40816	ERR4682814
Munk 2022	PRJEB40816	ERR4682815
Munk 2022	PRJEB40816	ERR4682816
Munk 2022	PRJEB40816	ERR4682817
Munk 2022	PRJEB40816	ERR4682818
Munk 2022	PRJEB40816	ERR4682819
Munk 2022	PRJEB40816	ERR4682820
Munk 2022	PRJEB40816	ERR4682821
Munk 2022	PRJEB40816	ERR4682822
Munk 2022	PRJEB40816	ERR4682823
Munk 2022	PRJEB40816	ERR4682824
Munk 2022	PRJEB40816	ERR4682825
Munk 2022	PRJEB40816	ERR4682826
Munk 2022	PRJEB40816	ERR4682827
Munk 2022	PRJEB40816	ERR4682828
Munk 2022	PRJEB40816	ERR4682829
Munk 2022	PRJEB40816	ERR4682830
Munk 2022	PRJEB40816	ERR4682831
Munk 2022	PRJEB40816	ERR4682832
Munk 2022	PRJEB40816	ERR4682833
Munk 2022	PRJEB40816	ERR4682834
Munk 2022	PRJEB40816	ERR4682835
Munk 2022	PRJEB40816	ERR4682836
Munk 2022	PRJEB40816	ERR4682837
Munk 2022	PRJEB40816	ERR4682838
Munk 2022	PRJEB40816	ERR4682839
Munk 2022	PRJEB40816	ERR4682840
Munk 2022	PRJEB40816	ERR4682841
Munk 2022	PRJEB40816	ERR4682842
Munk 2022	PRJEB40816	ERR4682843
Munk 2022	PRJEB40816	ERR4682844
Munk 2022	PRJEB40816	ERR4682845
Munk 2022	PRJEB40816	ERR4682846
Munk 2022	PRJEB40816	ERR4682847
Munk 2022	PRJEB40816	ERR4682848
Munk 2022	PRJEB40816	ERR4682849
Munk 2022	PRJEB40816	ERR4682850
Munk 2022	PRJEB40816	ERR4682851
Munk 2022	PRJEB40816	ERR4682852
Munk 2022	PRJEB40816	ERR4682853
Munk 2022	PRJEB40816	ERR4682854
Munk 2022	PRJEB40816	ERR4682855
Munk 2022	PRJEB40816	ERR4682856
Munk 2022	PRJEB40816	ERR4682857
Munk 2022	PRJEB40816	ERR4682858
Munk 2022	PRJEB40816	ERR4682859
Munk 2022	PRJEB40816	ERR4682860
Munk 2022	PRJEB40816	ERR4682861
Munk 2022	PRJEB40816	ERR4682862
Munk 2022	PRJEB40816	ERR4682863
Munk 2022	PRJEB40816	ERR4682864
Munk 2022	PRJEB40816	ERR4682865
Munk 2022	PRJEB40816	ERR4682866
Munk 2022	PRJEB40816	ERR4682867
Munk 2022	PRJEB40816	ERR4682868
Munk 2022	PRJEB40816	ERR4682869
Munk 2022	PRJEB40816	ERR4682870
Munk 2022	PRJEB40816	ERR4682871
Munk 2022	PRJEB40816	ERR4682872
Munk 2022	PRJEB40816	ERR4682873
Munk 2022	PRJEB40816	ERR4682874
Munk 2022	PRJEB40816	ERR4682875
Munk 2022	PRJEB40816	ERR4682876
Munk 2022	PRJEB40816	ERR4682877
Munk 2022	PRJEB40816	ERR4682878
Munk 2022	PRJEB40816	ERR4682879
Munk 2022	PRJEB40816	ERR4682880
Munk 2022	PRJEB40816	ERR4682881
Munk 2022	PRJEB40816	ERR4682882
Munk 2022	PRJEB40816	ERR4682883
Munk 2022	PRJEB40816	ERR4682884
Munk 2022	PRJEB40816	ERR4682885
Munk 2022	PRJEB40816	ERR4682886
Munk 2022	PRJEB40816	ERR4682887
Munk 2022	PRJEB40816	ERR4682888
Munk 2022	PRJEB40816	ERR4682889
Munk 2022	PRJEB40816	ERR4682890
Munk 2022	PRJEB40816	ERR4682891
Munk 2022	PRJEB40816	ERR4682892
Munk 2022	PRJEB40816	ERR4682893
Munk 2022	PRJEB40816	ERR4682894
Munk 2022	PRJEB40816	ERR4682895
Munk 2022	PRJEB40816	ERR4682896
Munk 2022	PRJEB40816	ERR4682897
Munk 2022	PRJEB40816	ERR4682898
Munk 2022	PRJEB40816	ERR4682899
Munk 2022	PRJEB40816	ERR4682900
Munk 2022	PRJEB40816	ERR4682901
Munk 2022	PRJEB40816	ERR4682902
Munk 2022	PRJEB40816	ERR4682903
Munk 2022	PRJEB40816	ERR4682904
Munk 2022	PRJEB40816	ERR4682905
Munk 2022	PRJEB40816	ERR4682906
Munk 2022	PRJEB40816	ERR4682907
Munk 2022	PRJEB40816	ERR4682908
Munk 2022	PRJEB40816	ERR4682909
Munk 2022	PRJEB40816	ERR4682910
Munk 2022	PRJEB40816	ERR4682911
Munk 2022	PRJEB40816	ERR4682912
Munk 2022	PRJEB40816	ERR4682913
Munk 2022	PRJEB51229	ERR8977341
Munk 2022	PRJEB51229	ERR8977342
Munk 2022	PRJEB51229	ERR8977343
Munk 2022	PRJEB51229	ERR8977344
Munk 2022	PRJEB51229	ERR8977345
Munk 2022	PRJEB51229	ERR8977346
Munk 2022	PRJEB51229	ERR8977347
Munk 2022	PRJEB51229	ERR8977348
Munk 2022	PRJEB51229	ERR8977349
Munk 2022	PRJEB51229	ERR8977350
Munk 2022	PRJEB51229	ERR8977351
Munk 2022	PRJEB51229	ERR8977352
Munk 2022	PRJEB51229	ERR8977353
Munk 2022	PRJEB51229	ERR8977354
Munk 2022	PRJEB51229	ERR8977355
Munk 2022	PRJEB51229	ERR8977356
Munk 2022	PRJEB51229	ERR8977357
Munk 2022	PRJEB51229	ERR8977358
Munk 2022	PRJEB51229	ERR8977359
Munk 2022	PRJEB51229	ERR8977360
Munk 2022	PRJEB51229	ERR8977361
Munk 2022	PRJEB51229	ERR8977362
Munk 2022	PRJEB51229	ERR8977363
Munk 2022	PRJEB51229	ERR8977364
Munk 2022	PRJEB51229	ERR8977365
Munk 2022	PRJEB51229	ERR8977366
Munk 2022	PRJEB51229	ERR8977367
Munk 2022	PRJEB51229	ERR8977368
Munk 2022	PRJEB51229	ERR8977369
Munk 2022	PRJEB51229	ERR8977370
Munk 2022	PRJEB51229	ERR8977371
Munk 2022	PRJEB51229	ERR8977372
Munk 2022	PRJEB51229	ERR8977373
Munk 2022	PRJEB51229	ERR8977374
Munk 2022	PRJEB51229	ERR8977375
Munk 2022	PRJEB51229	ERR8977376
Munk 2022	PRJEB51229	ERR8977377
Munk 2022	PRJEB51229	ERR8977378
Munk 2022	PRJEB51229	ERR8977379
Munk 2022	PRJEB51229	ERR8977380
Munk 2022	PRJEB51229	ERR8977381
Munk 2022	PRJEB51229	ERR8977382
Munk 2022	PRJEB51229	ERR8977383
Munk 2022	PRJEB51229	ERR8977384
Munk 2022	PRJEB51229	ERR8977385
Munk 2022	PRJEB51229	ERR8977386
Munk 2022	PRJEB51229	ERR8977387
Munk 2022	PRJEB51229	ERR8977388
Munk 2022	PRJEB51229	ERR8977389
Munk 2022	PRJEB51229	ERR8977390
Munk 2022	PRJEB51229	ERR8977391
Munk 2022	PRJEB51229	ERR8977392
Munk 2022	PRJEB51229	ERR8977393
Munk 2022	PRJEB51229	ERR8977394
Munk 2022	PRJEB51229	ERR8977395
Munk 2022	PRJEB51229	ERR8977396
Munk 2022	PRJEB51229	ERR8977397
Munk 2022	PRJEB51229	ERR8977398
Munk 2022	PRJEB51229	ERR8977399
Munk 2022	PRJEB51229	ERR8977400
Munk 2022	PRJEB51229	ERR8977401
Munk 2022	PRJEB51229	ERR8977402
Munk 2022	PRJEB51229	ERR8977403
Munk 2022	PRJEB51229	ERR8977404
Munk 2022	PRJEB51229	ERR8977405
Munk 2022	PRJEB51229	ERR8977406
Munk 2022	PRJEB51229	ERR8977407
Munk 2022	PRJEB51229	ERR8977408
Munk 2022	PRJEB51229	ERR8977409
Munk 2022	PRJEB51229	ERR8977410
Munk 2022	PRJEB51229	ERR8977411
Munk 2022	PRJEB51229	ERR8977412
Munk 2022	PRJEB51229	ERR8977413
Munk 2022	PRJEB51229	ERR8977414
Munk 2022	PRJEB51229	ERR8977415
Munk 2022	PRJEB51229	ERR8977416
Munk 2022	PRJEB51229	ERR8977417
Munk 2022	PRJEB51229	ERR8977418
Munk 2022	PRJEB51229	ERR8977419
Munk 2022	PRJEB51229	ERR8977420
Munk 2022	PRJEB51229	ERR8977421
Munk 2022	PRJEB51229	ERR8977422
Munk 2022	PRJEB51229	ERR8977423
Munk 2022	PRJEB51229	ERR8977424
Munk 2022	PRJEB51229	ERR8977425
Munk 2022	PRJEB51229	ERR8977426
Munk 2022	PRJEB51229	ERR8977427
Munk 2022	PRJEB51229	ERR8977428
Munk 2022	PRJEB51229	ERR8977429
Munk 2022	PRJEB51229	ERR8977430
Munk 2022	PRJEB51229	ERR8977431
Munk 2022	PRJEB51229	ERR8977432
Munk 2022	PRJEB51229	ERR8977433
Ng 2019	PRJNA438174	SRR6837549
Ng 2019	PRJNA438174	SRR6837550
Ng 2019	PRJNA438174	SRR6837551
Ng 2019	PRJNA438174	SRR6837552
Ng 2019	PRJNA438174	SRR6837553
Ng 2019	PRJNA438174	SRR6837554
Ng 2019	PRJNA438174	SRR6837555
Ng 2019	PRJNA438174	SRR6837556
Ng 2019	PRJNA438174	SRR6837557
Ng 2019	PRJNA438174	SRR6837558
Ng 2019	PRJNA438174	SRR6837559
Ng 2019	PRJNA438174	SRR6837560
Ng 2019	PRJNA438174	SRR6837561
Ng 2019	PRJNA438174	SRR6837563
Ng 2019	PRJNA438174	SRR6837564
Ng 2019	PRJNA438174	SRR6837565
Ng 2019	PRJNA438174	SRR6837566
Ng 2019	PRJNA438174	SRR6837567
Ng 2019	PRJNA438174	SRR6837568
Ng 2019	PRJNA438174	SRR6837569
Ng 2019	PRJNA438174	SRR6837570
Ng 2019	PRJNA438174	SRR6837571
Ng 2019	PRJNA438174	SRR6837572
Ng 2019	PRJNA438174	SRR6837573
Ng 2019	PRJNA438174	SRR6837574
Ng 2019	PRJNA438174	SRR6837575
Ng 2019	PRJNA438174	SRR6837576
Ng 2019	PRJNA438174	SRR6837577
Ng 2019	PRJNA438174	SRR6837578
Ng 2019	PRJNA438174	SRR6837579
Ng 2019	PRJNA438174	SRR6837580
Ng 2019	PRJNA438174	SRR6837581
Ng 2019	PRJNA438174	SRR6837582
Ng 2019	PRJNA438174	SRR6837583
Ng 2019	PRJNA438174	SRR6837584
Rothman 2021	PRJNA729801	SRR14530724
Rothman 2021	PRJNA729801	SRR14530725
Rothman 2021	PRJNA729801	SRR14530726
Rothman 2021	PRJNA729801	SRR14530727
Rothman 2021	PRJNA729801	SRR14530728
Rothman 2021	PRJNA729801	SRR14530729
Rothman 2021	PRJNA729801	SRR14530730
Rothman 2021	PRJNA729801	SRR14530731
Rothman 2021	PRJNA729801	SRR14530732
Rothman 2021	PRJNA729801	SRR14530733
Rothman 2021	PRJNA729801	SRR14530734
Rothman 2021	PRJNA729801	SRR14530735
Rothman 2021	PRJNA729801	SRR14530736
Rothman 2021	PRJNA729801	SRR14530737
Rothman 2021	PRJNA729801	SRR14530738
Rothman 2021	PRJNA729801	SRR14530739
Rothman 2021	PRJNA729801	SRR14530740
Rothman 2021	PRJNA729801	SRR14530741
Rothman 2021	PRJNA729801	SRR14530742
Rothman 2021	PRJNA729801	SRR14530743
Rothman 2021	PRJNA729801	SRR14530744
Rothman 2021	PRJNA729801	SRR14530745
Rothman 2021	PRJNA729801	SRR14530746
Rothman 2021	PRJNA729801	SRR14530747
Rothman 2021	PRJNA729801	SRR14530748
Rothman 2021	PRJNA729801	SRR14530749
Rothman 2021	PRJNA729801	SRR14530750
Rothman 2021	PRJNA729801	SRR14530751
Rothman 2021	PRJNA729801	SRR14530752
Rothman 2021	PRJNA729801	SRR14530753
Rothman 2021	PRJNA729801	SRR14530754
Rothman 2021	PRJNA729801	SRR14530755
Rothman 2021	PRJNA729801	SRR14530756
Rothman 2021	PRJNA729801	SRR14530757
Rothman 2021	PRJNA729801	SRR14530758
Rothman 2021	PRJNA729801	SRR14530759
Rothman 2021	PRJNA729801	SRR14530760
Rothman 2021	PRJNA729801	SRR14530761
Rothman 2021	PRJNA729801	SRR14530762
Rothman 2021	PRJNA729801	SRR14530763
Rothman 2021	PRJNA729801	SRR14530764
Rothman 2021	PRJNA729801	SRR14530765
Rothman 2021	PRJNA729801	SRR14530766
Rothman 2021	PRJNA729801	SRR14530767
Rothman 2021	PRJNA729801	SRR14530768
Rothman 2021	PRJNA729801	SRR14530769
Rothman 2021	PRJNA729801	SRR14530770
Rothman 2021	PRJNA729801	SRR14530771
Rothman 2021	PRJNA729801	SRR14530772
Rothman 2021	PRJNA729801	SRR14530773
Rothman 2021	PRJNA729801	SRR14530774
Rothman 2021	PRJNA729801	SRR14530775
Rothman 2021	PRJNA729801	SRR14530776
Rothman 2021	PRJNA729801	SRR14530777
Rothman 2021	PRJNA729801	SRR14530778
Rothman 2021	PRJNA729801	SRR14530779
Rothman 2021	PRJNA729801	SRR14530780
Rothman 2021	PRJNA729801	SRR14530781
Rothman 2021	PRJNA729801	SRR14530782
Rothman 2021	PRJNA729801	SRR14530783
Rothman 2021	PRJNA729801	SRR14530784
Rothman 2021	PRJNA729801	SRR14530785
Rothman 2021	PRJNA729801	SRR14530786
Rothman 2021	PRJNA729801	SRR14530787
Rothman 2021	PRJNA729801	SRR14530788
Rothman 2021	PRJNA729801	SRR14530789
Rothman 2021	PRJNA729801	SRR14530790
Rothman 2021	PRJNA729801	SRR14530791
Rothman 2021	PRJNA729801	SRR14530792
Rothman 2021	PRJNA729801	SRR14530793
Rothman 2021	PRJNA729801	SRR14530794
Rothman 2021	PRJNA729801	SRR14530795
Rothman 2021	PRJNA729801	SRR14530796
Rothman 2021	PRJNA729801	SRR14530797
Rothman 2021	PRJNA729801	SRR14530798
Rothman 2021	PRJNA729801	SRR14530799
Rothman 2021	PRJNA729801	SRR14530800
Rothman 2021	PRJNA729801	SRR14530801
Rothman 2021	PRJNA729801	SRR14530802
Rothman 2021	PRJNA729801	SRR14530803
Rothman 2021	PRJNA729801	SRR14530804
Rothman 2021	PRJNA729801	SRR14530805
Rothman 2021	PRJNA729801	SRR14530806
Rothman 2021	PRJNA729801	SRR14530807
Rothman 2021	PRJNA729801	SRR14530808
Rothman 2021	PRJNA729801	SRR14530809
Rothman 2021	PRJNA729801	SRR14530810
Rothman 2021	PRJNA729801	SRR14530811
Rothman 2021	PRJNA729801	SRR14530812
Rothman 2021	PRJNA729801	SRR14530813
Rothman 2021	PRJNA729801	SRR14530814
Rothman 2021	PRJNA729801	SRR14530815
Rothman 2021	PRJNA729801	SRR14530816
Rothman 2021	PRJNA729801	SRR14530817
Rothman 2021	PRJNA729801	SRR14530818
Rothman 2021	PRJNA729801	SRR14530819
Rothman 2021	PRJNA729801	SRR14530820
Rothman 2021	PRJNA729801	SRR14530821
Rothman 2021	PRJNA729801	SRR14530822
Rothman 2021	PRJNA729801	SRR14530823
Rothman 2021	PRJNA729801	SRR14530824
Rothman 2021	PRJNA729801	SRR14530825
Rothman 2021	PRJNA729801	SRR14530826
Rothman 2021	PRJNA729801	SRR14530827
Rothman 2021	PRJNA729801	SRR14530828
Rothman 2021	PRJNA729801	SRR14530829
Rothman 2021	PRJNA729801	SRR14530830
Rothman 2021	PRJNA729801	SRR14530831
Rothman 2021	PRJNA729801	SRR14530832
Rothman 2021	PRJNA729801	SRR14530833
Rothman 2021	PRJNA729801	SRR14530834
Rothman 2021	PRJNA729801	SRR14530835
Rothman 2021	PRJNA729801	SRR14530836
Rothman 2021	PRJNA729801	SRR14530837
Rothman 2021	PRJNA729801	SRR14530838
Rothman 2021	PRJNA729801	SRR14530839
Rothman 2021	PRJNA729801	SRR14530840
Rothman 2021	PRJNA729801	SRR14530841
Rothman 2021	PRJNA729801	SRR14530842
Rothman 2021	PRJNA729801	SRR14530843
Rothman 2021	PRJNA729801	SRR14530844
Rothman 2021	PRJNA729801	SRR14530845
Rothman 2021	PRJNA729801	SRR14530846
Rothman 2021	PRJNA729801	SRR14530847
Rothman 2021	PRJNA729801	SRR14530848
Rothman 2021	PRJNA729801	SRR14530849
Rothman 2021	PRJNA729801	SRR14530850
Rothman 2021	PRJNA729801	SRR14530851
Rothman 2021	PRJNA729801	SRR14530852
Rothman 2021	PRJNA729801	SRR14530853
Rothman 2021	PRJNA729801	SRR14530854
Rothman 2021	PRJNA729801	SRR14530855
Rothman 2021	PRJNA729801	SRR14530856
Rothman 2021	PRJNA729801	SRR14530857
Rothman 2021	PRJNA729801	SRR14530858
Rothman 2021	PRJNA729801	SRR14530859
Rothman 2021	PRJNA729801	SRR14530860
Rothman 2021	PRJNA729801	SRR14530861
Rothman 2021	PRJNA729801	SRR14530862
Rothman 2021	PRJNA729801	SRR14530863
Rothman 2021	PRJNA729801	SRR14530864
Rothman 2021	PRJNA729801	SRR14530865
Rothman 2021	PRJNA729801	SRR14530866
Rothman 2021	PRJNA729801	SRR14530867
Rothman 2021	PRJNA729801	SRR14530868
Rothman 2021	PRJNA729801	SRR14530869
Rothman 2021	PRJNA729801	SRR14530870
Rothman 2021	PRJNA729801	SRR14530871
Rothman 2021	PRJNA729801	SRR14530872
Rothman 2021	PRJNA729801	SRR14530873
Rothman 2021	PRJNA729801	SRR14530874
Rothman 2021	PRJNA729801	SRR14530875
Rothman 2021	PRJNA729801	SRR14530876
Rothman 2021	PRJNA729801	SRR14530877
Rothman 2021	PRJNA729801	SRR14530878
Rothman 2021	PRJNA729801	SRR14530879
Rothman 2021	PRJNA729801	SRR14530880
Rothman 2021	PRJNA729801	SRR14530881
Rothman 2021	PRJNA729801	SRR14530882
Rothman 2021	PRJNA729801	SRR14530883
Rothman 2021	PRJNA729801	SRR14530884
Rothman 2021	PRJNA729801	SRR14530885
Rothman 2021	PRJNA729801	SRR14530886
Rothman 2021	PRJNA729801	SRR14530887
Rothman 2021	PRJNA729801	SRR14530888
Rothman 2021	PRJNA729801	SRR14530889
Rothman 2021	PRJNA729801	SRR14530890
Rothman 2021	PRJNA729801	SRR14530891
Rothman 2021	PRJNA729801	SRR14530892
Rothman 2021	PRJNA729801	SRR14530893
Rothman 2021	PRJNA729801	SRR14530894
Rothman 2021	PRJNA729801	SRR14530895
Rothman 2021	PRJNA729801	SRR14530896
Rothman 2021	PRJNA729801	SRR14530897
Rothman 2021	PRJNA729801	SRR14530898
Rothman 2021	PRJNA729801	SRR14530899
Rothman 2021	PRJNA729801	SRR14530900
Rothman 2021	PRJNA729801	SRR14530901
Rothman 2021	PRJNA729801	SRR14530902
Rothman 2021	PRJNA729801	SRR14530903
Rothman 2021	PRJNA729801	SRR18340958
Rothman 2021	PRJNA729801	SRR18340959
Rothman 2021	PRJNA729801	SRR18340960
Rothman 2021	PRJNA729801	SRR18340961
Rothman 2021	PRJNA729801	SRR18340962
Rothman 2021	PRJNA729801	SRR18340963
Rothman 2021	PRJNA729801	SRR18340964
Rothman 2021	PRJNA729801	SRR18340965
Rothman 2021	PRJNA729801	SRR18340966
Rothman 2021	PRJNA729801	SRR18340967
Rothman 2021	PRJNA729801	SRR18340968
Rothman 2021	PRJNA729801	SRR18340969
Rothman 2021	PRJNA729801	SRR18340970
Rothman 2021	PRJNA729801	SRR18340971
Rothman 2021	PRJNA729801	SRR18340972
Rothman 2021	PRJNA729801	SRR18340973
Rothman 2021	PRJNA729801	SRR18340974
Rothman 2021	PRJNA729801	SRR18340975
Rothman 2021	PRJNA729801	SRR18340976
Rothman 2021	PRJNA729801	SRR18340977
Rothman 2021	PRJNA729801	SRR18340978
Rothman 2021	PRJNA729801	SRR18340979
Rothman 2021	PRJNA729801	SRR18340980
Rothman 2021	PRJNA729801	SRR18340981
Rothman 2021	PRJNA729801	SRR18340982
Rothman 2021	PRJNA729801	SRR18340983
Rothman 2021	PRJNA729801	SRR18340984
Rothman 2021	PRJNA729801	SRR18340985
Rothman 2021	PRJNA729801	SRR18340986
Rothman 2021	PRJNA729801	SRR18340987
Rothman 2021	PRJNA729801	SRR18340988
Rothman 2021	PRJNA729801	SRR18340989
Rothman 2021	PRJNA729801	SRR18340990
Rothman 2021	PRJNA729801	SRR18340991
Rothman 2021	PRJNA729801	SRR18340992
Rothman 2021	PRJNA729801	SRR18340993
Rothman 2021	PRJNA729801	SRR18340994
Rothman 2021	PRJNA729801	SRR18340995
Rothman 2021	PRJNA729801	SRR18340996
Rothman 2021	PRJNA729801	SRR18340997
Rothman 2021	PRJNA729801	SRR18340998
Rothman 2021	PRJNA729801	SRR18340999
Rothman 2021	PRJNA729801	SRR18341000
Rothman 2021	PRJNA729801	SRR18341001
Rothman 2021	PRJNA729801	SRR18341002
Rothman 2021	PRJNA729801	SRR18341003
Rothman 2021	PRJNA729801	SRR18341004
Rothman 2021	PRJNA729801	SRR18341005
Rothman 2021	PRJNA729801	SRR18341006
Rothman 2021	PRJNA729801	SRR18341007
Rothman 2021	PRJNA729801	SRR18341008
Rothman 2021	PRJNA729801	SRR18341009
Rothman 2021	PRJNA729801	SRR18341010
Rothman 2021	PRJNA729801	SRR18341011
Rothman 2021	PRJNA729801	SRR18341012
Rothman 2021	PRJNA729801	SRR18341013
Rothman 2021	PRJNA729801	SRR18341014
Rothman 2021	PRJNA729801	SRR18341015
Rothman 2021	PRJNA729801	SRR18341016
Rothman 2021	PRJNA729801	SRR18341017
Rothman 2021	PRJNA729801	SRR18341018
Rothman 2021	PRJNA729801	SRR18341019
Rothman 2021	PRJNA729801	SRR18341020
Rothman 2021	PRJNA729801	SRR18341021
Rothman 2021	PRJNA729801	SRR18341022
Rothman 2021	PRJNA729801	SRR18341023
Rothman 2021	PRJNA729801	SRR18341024
Rothman 2021	PRJNA729801	SRR18341025
Rothman 2021	PRJNA729801	SRR18341026
Rothman 2021	PRJNA729801	SRR18341027
Rothman 2021	PRJNA729801	SRR18341028
Rothman 2021	PRJNA729801	SRR18341029
Rothman 2021	PRJNA729801	SRR18341030
Rothman 2021	PRJNA729801	SRR18341031
Rothman 2021	PRJNA729801	SRR18341032
Rothman 2021	PRJNA729801	SRR18341033
Rothman 2021	PRJNA729801	SRR18341034
Rothman 2021	PRJNA729801	SRR18341035
Rothman 2021	PRJNA729801	SRR18341036
Rothman 2021	PRJNA729801	SRR18341037
Rothman 2021	PRJNA729801	SRR18341038
Rothman 2021	PRJNA729801	SRR18341039
Rothman 2021	PRJNA729801	SRR18341040
Rothman 2021	PRJNA729801	SRR18341041
Rothman 2021	PRJNA729801	SRR18341042
Rothman 2021	PRJNA729801	SRR18341043
Rothman 2021	PRJNA729801	SRR18341044
Rothman 2021	PRJNA729801	SRR18341045
Rothman 2021	PRJNA729801	SRR18341046
Rothman 2021	PRJNA729801	SRR18341047
Rothman 2021	PRJNA729801	SRR18341048
Rothman 2021	PRJNA729801	SRR18341049
Rothman 2021	PRJNA729801	SRR18341050
Rothman 2021	PRJNA729801	SRR18341051
Rothman 2021	PRJNA729801	SRR18341052
Rothman 2021	PRJNA729801	SRR18341053
Rothman 2021	PRJNA729801	SRR18341054
Rothman 2021	PRJNA729801	SRR18341055
Rothman 2021	PRJNA729801	SRR18341056
Rothman 2021	PRJNA729801	SRR18341057
Rothman 2021	PRJNA729801	SRR18341058
Rothman 2021	PRJNA729801	SRR18341059
Rothman 2021	PRJNA729801	SRR18341060
Rothman 2021	PRJNA729801	SRR18341061
Rothman 2021	PRJNA729801	SRR18341062
Rothman 2021	PRJNA729801	SRR18341063
Rothman 2021	PRJNA729801	SRR18341064
Rothman 2021	PRJNA729801	SRR18341065
Rothman 2021	PRJNA729801	SRR18341066
Rothman 2021	PRJNA729801	SRR18341067
Rothman 2021	PRJNA729801	SRR18341068
Rothman 2021	PRJNA729801	SRR18341069
Rothman 2021	PRJNA729801	SRR18341070
Rothman 2021	PRJNA729801	SRR18341071
Rothman 2021	PRJNA729801	SRR18341072
Rothman 2021	PRJNA729801	SRR18341073
Rothman 2021	PRJNA729801	SRR18341074
Rothman 2021	PRJNA729801	SRR18341075
Rothman 2021	PRJNA729801	SRR18341076
Rothman 2021	PRJNA729801	SRR18341077
Rothman 2021	PRJNA729801	SRR18341078
Rothman 2021	PRJNA729801	SRR18341079
Rothman 2021	PRJNA729801	SRR18341080
Rothman 2021	PRJNA729801	SRR18341081
Rothman 2021	PRJNA729801	SRR18341082
Rothman 2021	PRJNA729801	SRR18341083
Rothman 2021	PRJNA729801	SRR18341084
Rothman 2021	PRJNA729801	SRR18341085
Rothman 2021	PRJNA729801	SRR18341086
Rothman 2021	PRJNA729801	SRR18341087
Rothman 2021	PRJNA729801	SRR18341088
Rothman 2021	PRJNA729801	SRR18341089
Rothman 2021	PRJNA729801	SRR18341090
Rothman 2021	PRJNA729801	SRR18341091
Rothman 2021	PRJNA729801	SRR18341092
Rothman 2021	PRJNA729801	SRR18341093
Rothman 2021	PRJNA729801	SRR18341094
Rothman 2021	PRJNA729801	SRR18341095
Rothman 2021	PRJNA729801	SRR18341096
Rothman 2021	PRJNA729801	SRR18341097
Rothman 2021	PRJNA729801	SRR18341098
Rothman 2021	PRJNA729801	SRR18341099
Rothman 2021	PRJNA729801	SRR18341100
Rothman 2021	PRJNA729801	SRR18341101
Rothman 2021	PRJNA729801	SRR18341102
Rothman 2021	PRJNA729801	SRR18341103
Rothman 2021	PRJNA729801	SRR18341104
Rothman 2021	PRJNA729801	SRR18341105
Rothman 2021	PRJNA729801	SRR18341106
Rothman 2021	PRJNA729801	SRR18341107
Rothman 2021	PRJNA729801	SRR18341108
Rothman 2021	PRJNA729801	SRR18341109
Rothman 2021	PRJNA729801	SRR18341110
Rothman 2021	PRJNA729801	SRR18341111
Rothman 2021	PRJNA729801	SRR18341112
Rothman 2021	PRJNA729801	SRR18341113
Rothman 2021	PRJNA729801	SRR18341114
Rothman 2021	PRJNA729801	SRR18341115
Rothman 2021	PRJNA729801	SRR18341116
Rothman 2021	PRJNA729801	SRR18341117
Rothman 2021	PRJNA729801	SRR18341118
Rothman 2021	PRJNA729801	SRR18341119
Rothman 2021	PRJNA729801	SRR18341120
Rothman 2021	PRJNA729801	SRR18341121
Rothman 2021	PRJNA729801	SRR18341122
Rothman 2021	PRJNA729801	SRR18341123
Rothman 2021	PRJNA729801	SRR18341124
Rothman 2021	PRJNA729801	SRR18341125
Rothman 2021	PRJNA729801	SRR18341126
Rothman 2021	PRJNA729801	SRR18341127
Rothman 2021	PRJNA729801	SRR18341128
Rothman 2021	PRJNA729801	SRR18341129
Rothman 2021	PRJNA729801	SRR18341130
Rothman 2021	PRJNA729801	SRR18341131
Rothman 2021	PRJNA729801	SRR18341132
Rothman 2021	PRJNA729801	SRR18341133
Rothman 2021	PRJNA729801	SRR18341134
Rothman 2021	PRJNA729801	SRR18341135
Rothman 2021	PRJNA729801	SRR18341136
Rothman 2021	PRJNA729801	SRR18341137
Rothman 2021	PRJNA729801	SRR21452135
Rothman 2021	PRJNA729801	SRR21452136
Rothman 2021	PRJNA729801	SRR21452137
Spurbeck 2023	PRJNA924011	SRR23083716
Spurbeck 2023	PRJNA924011	SRR23083718
Spurbeck 2023	PRJNA924011	SRR23083720
Spurbeck 2023	PRJNA924011	SRR23083722
Spurbeck 2023	PRJNA924011	SRR23083725
Spurbeck 2023	PRJNA924011	SRR23083727
Spurbeck 2023	PRJNA924011	SRR23083729
Spurbeck 2023	PRJNA924011	SRR23083731
Spurbeck 2023	PRJNA924011	SRR23083733
Spurbeck 2023	PRJNA924011	SRR23083734
Spurbeck 2023	PRJNA924011	SRR23083736
Spurbeck 2023	PRJNA924011	SRR23083738
Spurbeck 2023	PRJNA924011	SRR23083740
Spurbeck 2023	PRJNA924011	SRR23083742
Spurbeck 2023	PRJNA924011	SRR23083744
Spurbeck 2023	PRJNA924011	SRR23083747
Spurbeck 2023	PRJNA924011	SRR23083749
Spurbeck 2023	PRJNA924011	SRR23083751
Spurbeck 2023	PRJNA924011	SRR23083753
Spurbeck 2023	PRJNA924011	SRR23083755
Spurbeck 2023	PRJNA924011	SRR23083756
Spurbeck 2023	PRJNA924011	SRR23083758
Spurbeck 2023	PRJNA924011	SRR23083760
Spurbeck 2023	PRJNA924011	SRR23083762
Spurbeck 2023	PRJNA924011	SRR23083764
Spurbeck 2023	PRJNA924011	SRR23083766
Spurbeck 2023	PRJNA924011	SRR23083769
Spurbeck 2023	PRJNA924011	SRR23083771
Spurbeck 2023	PRJNA924011	SRR23083773
Spurbeck 2023	PRJNA924011	SRR23083775
Spurbeck 2023	PRJNA924011	SRR23083778
Spurbeck 2023	PRJNA924011	SRR23083780
Spurbeck 2023	PRJNA924011	SRR23083782
Spurbeck 2023	PRJNA924011	SRR23083784
Spurbeck 2023	PRJNA924011	SRR23083786
Spurbeck 2023	PRJNA924011	SRR23083787
Spurbeck 2023	PRJNA924011	SRR23083789
Spurbeck 2023	PRJNA924011	SRR23083790
Spurbeck 2023	PRJNA924011	SRR23083792
Spurbeck 2023	PRJNA924011	SRR23083794
Spurbeck 2023	PRJNA924011	SRR23083795
Spurbeck 2023	PRJNA924011	SRR23083797
Spurbeck 2023	PRJNA924011	SRR23083798
Spurbeck 2023	PRJNA924011	SRR23083799
Spurbeck 2023	PRJNA924011	SRR23083801
Spurbeck 2023	PRJNA924011	SRR23083804
Spurbeck 2023	PRJNA924011	SRR23083806
Spurbeck 2023	PRJNA924011	SRR23083808
Spurbeck 2023	PRJNA924011	SRR23083810
Spurbeck 2023	PRJNA924011	SRR23083813
Spurbeck 2023	PRJNA924011	SRR23083818
Spurbeck 2023	PRJNA924011	SRR23083820
Spurbeck 2023	PRJNA924011	SRR23083822
Spurbeck 2023	PRJNA924011	SRR23083823
Spurbeck 2023	PRJNA924011	SRR23083825
Yang 2020	PRJNA645711	SRR12204734
Yang 2020	PRJNA645711	SRR12204735
Yang 2020	PRJNA645711	SRR12204847
Yang 2020	PRJNA645711	SRR12204848
Yang 2020	PRJNA645711	SRR12204849
Yang 2020	PRJNA645711	SRR12204850
Yang 2020	PRJNA645711	SRR12204851
