pathogen	taxids	predictor_type	study	location	arith_mean	geom_mean	5%	25%	50%	75%	95%
sars_cov_2	[2697049]	incidence	crits_christoph	Berkeley	1.740233626568686e-08	2.930321720117444e-09	3.491558087106582e-11	9.353539614293548e-10	4.3412319005749634e-09	1.4247898872817891e-08	6.352024075832615e-08
sars_cov_2	[2697049]	incidence	crits_christoph	Marin	1.2304810866187652e-07	7.895326860568106e-08	1.3906651077009706e-08	5.094790783604422e-08	8.655285255809745e-08	1.3966234057532104e-07	3.13548266975575e-07
sars_cov_2	[2697049]	incidence	crits_christoph	Oakland	9.830912035373935e-08	7.226313268789158e-08	1.776726456774781e-08	4.8149402376140444e-08	7.859571946890599e-08	1.2021573707258182e-07	2.3257908750542422e-07
sars_cov_2	[2697049]	incidence	crits_christoph	SF	1.6853554010792953e-08	2.5615653104236652e-09	2.045855878716545e-11	8.124468759677106e-10	4.027005241132258e-09	1.3430399797885564e-08	6.368754735810067e-08
sars_cov_2	[2697049]	incidence	crits_christoph	Overall	5.193452215869224e-08	1.8321428767517382e-08	1.31872818110097e-09	7.817170822179423e-09	2.0483703063234667e-08	4.721488925310729e-08	1.7182265388673963e-07
sars_cov_2	[2697049]	incidence	rothman	ESC	3.779048053781718e-08	2.5830557570241644e-08	5.843291453611859e-09	1.4884707258894121e-08	2.6624330618787876e-08	4.638403999908798e-08	1.060622046948186e-07
sars_cov_2	[2697049]	incidence	rothman	HTP	5.676708741310248e-08	5.4016964348235085e-08	3.092568095849376e-08	4.407395662120159e-08	5.5254908732305694e-08	6.759292667931934e-08	8.789863041555622e-08
sars_cov_2	[2697049]	incidence	rothman	JWPCP	1.4014980722940602e-09	6.654787912166538e-10	4.33165369519749e-11	3.1117725029382376e-10	8.536784467210962e-10	1.8566018193301417e-09	4.569421423314562e-09
sars_cov_2	[2697049]	incidence	rothman	NC	6.596912597319483e-09	4.09681869472036e-09	6.15488510357972e-10	2.1937414818255954e-09	4.553883316424804e-09	8.573002919126281e-09	1.9746221465372227e-08
sars_cov_2	[2697049]	incidence	rothman	OC	1.1805564607631995e-08	1.0345030900507638e-08	4.065901839759442e-09	7.49108892699862e-09	1.0594037176789849e-08	1.4879855761739548e-08	2.3413219381105037e-08
sars_cov_2	[2697049]	incidence	rothman	PL	2.6428637554636298e-09	2.2169591415292506e-09	7.706614345188691e-10	1.5052001415716634e-09	2.2650628268022434e-09	3.411593232717367e-09	5.661554659679654e-09
sars_cov_2	[2697049]	incidence	rothman	SB	3.2203417110923057e-09	1.3947287893842062e-09	7.451695245180917e-11	6.186202475531682e-10	1.818196715563332e-09	4.138940651146693e-09	1.1280341462408157e-08
sars_cov_2	[2697049]	incidence	rothman	SJ	2.9524790584170404e-08	2.6636957551385773e-08	1.1702413001140937e-08	1.99463189912253e-08	2.7364405072674354e-08	3.677615506496042e-08	5.4528478312434975e-08
sars_cov_2	[2697049]	incidence	rothman	Overall	9.968449599698947e-09	7.282602254192522e-09	1.966882245737541e-09	4.5966726535467904e-09	7.470323807707137e-09	1.1751275226117605e-08	2.475283125771099e-08
sars_cov_2	[2697049]	incidence	spurbeck	A	1.2887982332092332e-11	3.1530107003376675e-12	6.009277770370954e-14	1.047152510474589e-12	4.5064857193191195e-12	1.4198356183079857e-11	5.056326341309879e-11
sars_cov_2	[2697049]	incidence	spurbeck	B	1.559855653279067e-11	3.618430536950683e-12	5.941037674341779e-14	1.1727374225714095e-12	5.193146698358035e-12	1.64911661533188e-11	6.024582811925862e-11
sars_cov_2	[2697049]	incidence	spurbeck	C	2.0602840370139837e-11	4.247429309093828e-12	7.714257715581349e-14	1.3562095069235749e-12	5.928078352731843e-12	1.8997115697344755e-11	7.771885871693918e-11
sars_cov_2	[2697049]	incidence	spurbeck	D	2.0202565116741544e-11	4.380760137806523e-12	6.908148000065822e-14	1.474593058659129e-12	6.238755123329737e-12	1.8123785931076835e-11	7.792981095704841e-11
sars_cov_2	[2697049]	incidence	spurbeck	E	1.5357376719455993e-11	3.584443983638749e-12	6.324427509843409e-14	1.2082044757850467e-12	5.0680212630554215e-12	1.609143948937274e-11	5.964140914477621e-11
sars_cov_2	[2697049]	incidence	spurbeck	F	6.89614528797974e-11	1.7061274751914524e-11	7.293835706593566e-13	5.2732061337841945e-12	1.9817799934765764e-11	5.96068327410427e-11	2.7121679207547706e-10
sars_cov_2	[2697049]	incidence	spurbeck	G	1.0342762986103299e-10	2.8270672367562933e-11	1.1669424311853035e-12	9.220687452366195e-12	3.2609543783461467e-11	9.930938583636193e-11	4.36523886820038e-10
sars_cov_2	[2697049]	incidence	spurbeck	H	6.348024138833894e-11	1.737175472349328e-11	7.759605925721791e-13	5.871325084582058e-12	1.963360688349058e-11	6.17522301593889e-11	2.7051103386400245e-10
sars_cov_2	[2697049]	incidence	spurbeck	I	1.930869077693256e-11	4.0255535208736345e-12	7.130956545943921e-14	1.3701664661601744e-12	5.5472418678400324e-12	1.8175481962737363e-11	7.40127308184364e-11
sars_cov_2	[2697049]	incidence	spurbeck	J	3.9073151532338885e-11	1.0776825250192904e-11	4.376007554343844e-13	3.921241439846118e-12	1.274717047207496e-11	3.544453335901511e-11	1.4285130903679364e-10
sars_cov_2	[2697049]	incidence	spurbeck	Overall	1.7330160937244488e-11	7.676836422947383e-12	5.292211242290846e-13	3.278856778081306e-12	9.487674634526354e-12	2.1172782632088918e-11	6.269470720460044e-11
hiv	[11676]	prevalence	crits_christoph	Berkeley	3.2766876168582112e-09	3.008581532778264e-10	2.34465494481053e-12	6.661570777496973e-11	4.5749835819446475e-10	2.0598777446283816e-09	1.0728607871173315e-08
hiv	[11676]	prevalence	crits_christoph	Marin	1.617770693120854e-09	2.2216091042030686e-10	1.4458491058970344e-12	5.56683277911674e-11	3.530798157269951e-10	1.4945898741057006e-09	6.453420041947079e-09
hiv	[11676]	prevalence	crits_christoph	Oakland	1.1769877679217353e-09	1.8039394876727427e-10	1.7500550708955446e-12	4.4499382436390855e-11	2.80775340175814e-10	1.141314834373412e-09	5.3900565294610306e-09
hiv	[11676]	prevalence	crits_christoph	SF	3.884531180388277e-08	3.105270174379181e-09	4.809092143067118e-11	9.849474934164451e-10	4.0143514535853084e-09	1.3169910543888143e-08	5.4869971180272866e-08
hiv	[11676]	prevalence	crits_christoph	Overall	2.455538446632636e-09	5.46957451981631e-10	1.890257408156426e-11	1.7634813009588648e-10	6.851833456241227e-10	2.1277261248624168e-09	8.493989400558828e-09
hiv	[11676]	prevalence	rothman	ESC	3.744341601966007e-10	4.5583847588285084e-11	3.3230238561926167e-13	1.1224109733989123e-11	7.295641257802825e-11	2.9730036058983344e-10	1.3687794047313957e-09
hiv	[11676]	prevalence	rothman	HTP	2.1002591568208274e-10	3.4533401580206856e-11	2.5018604743349495e-13	9.843747045200779e-12	5.60518099596466e-11	2.2447338791921898e-10	8.92301313888591e-10
hiv	[11676]	prevalence	rothman	JWPCP	2.5987916384322993e-10	3.861617386720571e-11	2.797750428958944e-13	9.028748851361843e-12	6.221333893545363e-11	2.5843621187530443e-10	1.1461705235627823e-09
hiv	[11676]	prevalence	rothman	NC	3.304879837237805e-10	4.479408926709594e-11	3.22510653407225e-13	1.151825868778799e-11	7.063208083006087e-11	2.8970857599970297e-10	1.42950019966103e-09
hiv	[11676]	prevalence	rothman	OC	8.204578873057848e-10	2.3112069122479268e-10	6.0502204561956045e-12	7.422281235195148e-11	3.103856209364055e-10	8.648360100327868e-10	3.4902200384047207e-09
hiv	[11676]	prevalence	rothman	PL	2.517442177022905e-10	3.7396566800802976e-11	2.969738934963947e-13	8.968718620502786e-12	6.124589901841952e-11	2.4620813798596204e-10	1.0397738509587832e-09
hiv	[11676]	prevalence	rothman	SB	3.148270702447391e-10	4.415468518892874e-11	2.965635053912406e-13	1.1473462175524259e-11	6.966899432779646e-11	2.865871225295511e-10	1.3571029644428598e-09
hiv	[11676]	prevalence	rothman	SJ	2.730778851193999e-10	4.064957923541859e-11	2.695381748827771e-13	1.010642368396771e-11	6.462061091911437e-11	2.604074894455396e-10	1.1403848789125739e-09
hiv	[11676]	prevalence	rothman	Overall	2.0972311926873252e-10	5.654325680350736e-11	1.5279435402930443e-12	1.7428855647419987e-11	7.116414103126073e-11	2.3427418193024826e-10	8.253160339559634e-10
hiv	[11676]	prevalence	spurbeck	A	7.726127356436895e-11	8.859682291885098e-12	5.920836794457416e-14	2.0043552880044766e-12	1.3160281326256872e-11	6.22351427039608e-11	3.376449795374723e-10
hiv	[11676]	prevalence	spurbeck	B	8.671877793951789e-11	9.480558427179827e-12	7.485989881761746e-14	2.2697984701232987e-12	1.2976166839588653e-11	6.143781182679615e-11	3.784370449665458e-10
hiv	[11676]	prevalence	spurbeck	C	9.311505264075192e-11	9.462832524202822e-12	7.291699346788577e-14	1.974171970772099e-12	1.3111722138766232e-11	6.510396338174802e-11	3.96271567926847e-10
hiv	[11676]	prevalence	spurbeck	D	9.874334835260032e-11	1.0088511999714921e-11	7.374704640602773e-14	2.2763291645854647e-12	1.3331341771488121e-11	6.898510440750001e-11	4.015084895151063e-10
hiv	[11676]	prevalence	spurbeck	E	9.054773612769296e-11	9.746381285993792e-12	8.649831665857175e-14	2.0071362698129993e-12	1.3040621212632319e-11	6.422350999854804e-11	3.9067455000089243e-10
hiv	[11676]	prevalence	spurbeck	F	1.0446128721032169e-10	9.946540616408714e-12	8.219592518736733e-14	1.9104001749972843e-12	1.3197788638931159e-11	7.176544463820683e-11	4.520600608912066e-10
hiv	[11676]	prevalence	spurbeck	G	9.020424766386299e-11	9.500152664628526e-12	6.508522037119094e-14	1.88316221891215e-12	1.3145974076273396e-11	6.479009133367226e-11	4.3334080850761006e-10
hiv	[11676]	prevalence	spurbeck	H	8.345590546957929e-11	9.485716735850948e-12	8.028906790445628e-14	1.9954002892946543e-12	1.3511401733316417e-11	6.649776325759274e-11	3.767747071446228e-10
hiv	[11676]	prevalence	spurbeck	I	1.0151643207027473e-10	1.0132626418552912e-11	6.359606487625843e-14	2.175493471886446e-12	1.3926830534773148e-11	7.081965954751652e-11	4.23383184584569e-10
hiv	[11676]	prevalence	spurbeck	J	8.786127159936324e-11	9.690906861874857e-12	7.428096643410646e-14	1.998331868186878e-12	1.3272060833363426e-11	6.291667294323392e-11	3.8629785491463073e-10
hiv	[11676]	prevalence	spurbeck	Overall	5.2274412467689603e-11	1.1253277792119203e-11	2.5726586019876007e-13	2.9050814779299707e-12	1.4242827022997884e-11	5.6477589702941606e-11	2.3699248523120084e-10
jcv	[10632]	prevalence	crits_christoph	Berkeley	5.329552385797175e-09	1.0887405692022528e-10	3.4787380264406924e-12	2.973333171299579e-11	1.0700630824386926e-10	3.901218026754228e-10	3.5435410472623265e-09
jcv	[10632]	prevalence	crits_christoph	Marin	1.4576702272044531e-10	1.286503754392317e-11	1.760665923757484e-13	3.85378873361738e-12	1.731511967474915e-11	6.527787765824058e-11	3.130049752805536e-10
jcv	[10632]	prevalence	crits_christoph	Oakland	1.7758849002118443e-10	4.0419357955654265e-11	2.0648128969919133e-12	1.536644940332826e-11	4.622898364144214e-11	1.2387388364317902e-10	4.916336027781598e-10
jcv	[10632]	prevalence	crits_christoph	SF	7.794471551268919e-10	7.532092068722751e-11	2.540205648051557e-12	2.16250497203122e-11	7.831680204386408e-11	2.5881014605865163e-10	2.1009187756532744e-09
jcv	[10632]	prevalence	crits_christoph	Overall	3.0106548681832975e-10	5.219950900602311e-11	3.0394793610286306e-12	1.81835043037422e-11	5.595144165224085e-11	1.5528208485110768e-10	7.291404434483419e-10
jcv	[10632]	prevalence	rothman	ESC	8.23569931366833e-11	1.2969808824920452e-11	3.109586325435391e-13	3.3743581228636985e-12	1.5809183846555032e-11	5.7931922427881724e-11	2.9638542164400127e-10
jcv	[10632]	prevalence	rothman	HTP	1.5318283734460477e-12	2.5219344750240587e-13	2.368510057317634e-15	6.18134192946851e-14	3.9729044751521616e-13	1.5679932557715408e-12	7.191184089166869e-12
jcv	[10632]	prevalence	rothman	JWPCP	2.2356898610667937e-12	3.470535804134243e-13	2.196561450590901e-15	9.018835933859512e-14	5.536132604392202e-13	2.1961011487689454e-12	1.0175978947202988e-11
jcv	[10632]	prevalence	rothman	NC	4.241848121550912e-12	5.144353592717816e-13	4.447755351975279e-15	1.1387845735171184e-13	7.193747015872042e-13	3.371020705393799e-12	1.9047278228973766e-11
jcv	[10632]	prevalence	rothman	OC	2.1298170614981484e-12	3.1203530347174207e-13	2.2033010253758847e-15	7.776989175133365e-14	4.826340831889015e-13	2.063949484809337e-12	9.771587276895906e-12
jcv	[10632]	prevalence	rothman	PL	2.2121176057231373e-12	3.521434273384354e-13	2.4019122400324186e-15	9.442263840240972e-14	5.548568482983515e-13	2.207119210385065e-12	1.0125781859244598e-11
jcv	[10632]	prevalence	rothman	SB	2.5280368751039786e-11	7.33402575731758e-12	2.485481584977552e-13	2.3919964142657574e-12	9.198134921643966e-12	2.7176063480147467e-11	1.0737922967304837e-10
jcv	[10632]	prevalence	rothman	SJ	2.8835028015053844e-11	1.2897452881996217e-11	7.151651859980725e-13	5.4717667706432344e-12	1.6530429706783e-11	3.8488492791246345e-11	9.835594319381177e-11
jcv	[10632]	prevalence	rothman	Overall	4.382794983675962e-12	1.5207771254946848e-12	7.725609296241842e-14	5.592308142194646e-13	1.7310807728731736e-12	4.855993263306685e-12	1.6991248279481046e-11
jcv	[10632]	prevalence	spurbeck	A	1.4128303800094064e-12	2.359314212488175e-13	1.714162436040686e-15	6.902820019928303e-14	3.625142290064347e-13	1.4327558598849096e-12	5.967509423717682e-12
jcv	[10632]	prevalence	spurbeck	B	1.6881750899224986e-12	2.746539787973587e-13	2.018157808741277e-15	7.792232130261425e-14	4.2379906750454503e-13	1.7087849797513365e-12	7.434912760380672e-12
jcv	[10632]	prevalence	spurbeck	C	2.2684731518950156e-12	3.5690264373919575e-13	2.6382702184226175e-15	1.0032684167649002e-13	5.673908717571371e-13	2.1870633214802274e-12	9.925374094198338e-12
jcv	[10632]	prevalence	spurbeck	D	2.329055251628071e-12	3.3104002038556516e-13	2.74053396622373e-15	8.994619235833292e-14	4.926966582160833e-13	2.071233264884857e-12	9.09016394071542e-12
jcv	[10632]	prevalence	spurbeck	E	4.798564336065351e-12	1.5265233764479817e-12	6.517471485665877e-14	5.722097974136929e-13	1.8029297770027765e-12	5.154495391645774e-12	1.8637171941669943e-11
jcv	[10632]	prevalence	spurbeck	F	3.055219160239021e-11	1.094940178679866e-11	5.274415220416029e-13	3.921278254623774e-12	1.3676455445482249e-11	3.86650127369181e-11	1.1086768607945641e-10
jcv	[10632]	prevalence	spurbeck	G	2.734588349987124e-11	1.1780055052372979e-11	8.148631201769796e-13	4.878109200884179e-12	1.4169351504698375e-11	3.510597385986687e-11	9.431738934564646e-11
jcv	[10632]	prevalence	spurbeck	H	4.324503541534291e-11	1.481157752231657e-11	7.112821469356711e-13	5.4399284705866386e-12	1.7860190576663852e-11	4.959130753138305e-11	1.6628474883551313e-10
jcv	[10632]	prevalence	spurbeck	I	2.039949753625101e-12	3.2265419151054273e-13	2.87073134793002e-15	8.7875609010494e-14	4.952599191035375e-13	1.880048691409204e-12	8.433103125537678e-12
jcv	[10632]	prevalence	spurbeck	J	1.7385710195830849e-12	2.883952351849006e-13	2.941614962171296e-15	7.851225350885435e-14	4.189377655296923e-13	1.630933205872809e-12	7.610863745520768e-12
jcv	[10632]	prevalence	spurbeck	Overall	2.9599283745831355e-12	1.3156237233800511e-12	1.0846059331389412e-13	5.634052847261769e-13	1.479596906966941e-12	3.504629967168548e-12	1.0671936109915385e-11
mcv	[493803]	prevalence	crits_christoph	Berkeley	2.375249884074725e-09	1.7464177919955006e-09	5.105050561144782e-10	1.0902485318043695e-09	1.7462373219337626e-09	2.8054275041598255e-09	5.789558314573525e-09
mcv	[493803]	prevalence	crits_christoph	Marin	5.8532435021913555e-09	4.913088316337676e-09	1.7879325292762074e-09	3.4822154466003404e-09	5.017325709676037e-09	7.094735693092365e-09	1.2754395716870643e-08
mcv	[493803]	prevalence	crits_christoph	Oakland	3.913142254925034e-09	3.4428062131685032e-09	1.581372894010894e-09	2.5433624760181036e-09	3.4387760287566684e-09	4.6311460505877925e-09	7.565177451667425e-09
mcv	[493803]	prevalence	crits_christoph	SF	2.366810762129492e-09	1.7077247122652346e-09	5.153311948850166e-10	1.0719636227409764e-09	1.6935028570099964e-09	2.707488529254291e-09	5.6021225139318015e-09
mcv	[493803]	prevalence	crits_christoph	Overall	3.548093617661134e-09	2.6738256355659542e-09	8.181688129589247e-10	1.7539815258289883e-09	2.6843491352828525e-09	4.0827602111407064e-09	8.90239856527987e-09
mcv	[493803]	prevalence	rothman	ESC	1.4015244922382758e-12	7.369630056248909e-14	3.1778791019465e-16	1.3804088274293536e-14	1.0472831393581965e-13	6.023243691317265e-13	5.0247371342317704e-12
mcv	[493803]	prevalence	rothman	HTP	4.4463583304528665e-13	4.815990221897131e-14	3.5171268777124027e-16	1.0339598781819217e-14	6.735724872516877e-14	3.534123316623511e-13	2.199859125776304e-12
mcv	[493803]	prevalence	rothman	JWPCP	4.818700853961914e-12	7.107971824835701e-13	7.955585126542608e-15	1.6298766834915888e-13	9.312592300196569e-13	4.250246590224144e-12	2.354654358334092e-11
mcv	[493803]	prevalence	rothman	NC	9.055456177409437e-13	7.169589941516899e-14	3.1866236057728664e-16	1.4000852222021235e-14	1.0758714139236856e-13	5.825568286858018e-13	3.83263055438884e-12
mcv	[493803]	prevalence	rothman	OC	5.824563841804212e-13	4.993937509363899e-14	2.3087223358734194e-16	1.0361197612880702e-14	7.724765247968359e-14	3.9381855212363577e-13	2.8029518773158094e-12
mcv	[493803]	prevalence	rothman	PL	6.140138186720071e-13	5.5376451527018844e-14	3.0955410881759564e-16	1.1747941890400861e-14	7.677848440501051e-14	4.0905402517127784e-13	2.9227229461298784e-12
mcv	[493803]	prevalence	rothman	SB	1.0446432301814922e-12	7.069162504796368e-14	3.1282129950728116e-16	1.4112719903471586e-14	9.886553656233024e-14	5.838497900846917e-13	4.195549482333721e-12
mcv	[493803]	prevalence	rothman	SJ	6.257184519430142e-13	5.768053196805326e-14	3.510437044379954e-16	1.1883851235820701e-14	8.16877134976621e-14	4.1893550567106406e-13	3.0099129297532897e-12
mcv	[493803]	prevalence	rothman	Overall	5.263675561809771e-13	1.0115569342838176e-13	2.1843606013017705e-15	2.6795775706994694e-14	1.2208301861298783e-13	4.661835056568924e-13	2.5097919772631915e-12
mcv	[493803]	prevalence	spurbeck	A	5.942180563793616e-13	8.9794405892756e-14	9.922281767103304e-16	2.3042049305836544e-14	1.2189452471853032e-13	5.107736077945403e-13	2.7297083237093025e-12
mcv	[493803]	prevalence	spurbeck	B	6.456118306929884e-13	1.0355927203440409e-13	1.4414218257235982e-15	2.6920171659737427e-14	1.420468169985299e-13	5.748489767667751e-13	2.966304327292912e-12
mcv	[493803]	prevalence	spurbeck	C	7.531052528651514e-13	1.0737733665238039e-13	1.0947558889222326e-15	2.7067439819249293e-14	1.4878349997474653e-13	6.689044206909383e-13	3.4029143646528593e-12
mcv	[493803]	prevalence	spurbeck	D	7.292284193646308e-13	1.026365986761153e-13	1.1188308729170429e-15	2.6275438599855572e-14	1.376667709475865e-13	5.815030123801426e-13	3.1995467247037108e-12
mcv	[493803]	prevalence	spurbeck	E	7.139997668854615e-13	1.0323915832857026e-13	1.1517999189274544e-15	2.5771278725330804e-14	1.5177740430820705e-13	6.304282568833709e-13	2.9466929588624425e-12
mcv	[493803]	prevalence	spurbeck	F	2.380474578685022e-12	4.75630997256172e-13	1.0965752851541506e-14	1.2131041352393628e-13	6.050671466917378e-13	2.2562657497723565e-12	1.055647251044311e-11
mcv	[493803]	prevalence	spurbeck	G	2.8520435165643544e-12	6.34169244889795e-13	1.3774340358226431e-14	1.6712985238635938e-13	8.190314300386604e-13	2.9958998448422875e-12	1.2637517843815981e-11
mcv	[493803]	prevalence	spurbeck	H	6.801802728554554e-13	1.0732408152540926e-13	1.2330979341138753e-15	2.7184018179433254e-14	1.4852131180581549e-13	6.230044635557466e-13	3.1157917550689283e-12
mcv	[493803]	prevalence	spurbeck	I	7.264074936185176e-13	9.807107108226517e-14	7.463369434185031e-16	2.4739056850887154e-14	1.3546626138162045e-13	6.528761039086916e-13	3.294703482694815e-12
mcv	[493803]	prevalence	spurbeck	J	6.460860916832875e-13	9.350348352263309e-14	9.627851775465981e-16	2.253953060579412e-14	1.2326539563627942e-13	5.669019300997784e-13	2.9641143023106548e-12
mcv	[493803]	prevalence	spurbeck	Overall	5.406835074608826e-13	1.5655470656279417e-13	5.7740814940682084e-15	4.974454272223801e-14	1.8889810747495553e-13	6.167944600310755e-13	2.38594409385781e-12
hsv_2	[10310]	prevalence	crits_christoph	Berkeley	1.1918736011541089e-11	6.5556455581832e-13	4.8942079728449526e-15	1.6058832552552272e-13	7.534653614813852e-13	4.348051254885724e-12	4.1277935732381e-11
hsv_2	[10310]	prevalence	crits_christoph	Marin	7.14771438346891e-12	6.33677755252967e-13	5.967242647925065e-15	1.7063740717373528e-13	7.272817214793683e-13	3.660999747888782e-12	3.057569525852287e-11
hsv_2	[10310]	prevalence	crits_christoph	Oakland	5.0043921980576066e-12	5.270626864306258e-13	4.0857832362775035e-15	1.4194569314592218e-13	6.72864941675337e-13	3.26226754105981e-12	2.0076075338238692e-11
hsv_2	[10310]	prevalence	crits_christoph	SF	9.874124768090813e-12	6.374537990511744e-13	6.503868490175586e-15	1.588478140241263e-13	7.522337453152572e-13	3.9544791235079486e-12	3.3420095374843114e-11
hsv_2	[10310]	prevalence	crits_christoph	Overall	7.264779160197123e-12	8.887585421182483e-13	2.1764280598283962e-14	2.6307317552074253e-13	9.002039948281924e-13	3.962325545045043e-12	2.2315367909820022e-11
hsv_2	[10310]	prevalence	rothman	ESC	5.807686675685258e-12	6.062971410065288e-13	5.857530712723422e-15	1.5516002892736172e-13	8.158616208287435e-13	3.60339973339038e-12	2.0206748482239367e-11
hsv_2	[10310]	prevalence	rothman	HTP	3.212457331077e-12	5.199841124920126e-13	5.284797267989562e-15	1.3364921775082877e-13	7.379155901265996e-13	2.8180599775499004e-12	1.4858165379450842e-11
hsv_2	[10310]	prevalence	rothman	JWPCP	3.536742324980463e-12	5.355150355314222e-13	4.7957262553316894e-15	1.3747185434962447e-13	7.710015883854154e-13	2.9755222433802924e-12	1.7145405754923265e-11
hsv_2	[10310]	prevalence	rothman	NC	4.770364921506275e-12	5.792452476294049e-13	4.566836476919633e-15	1.4131602473063917e-13	9.109852700852737e-13	3.403706196517287e-12	1.9272196336281276e-11
hsv_2	[10310]	prevalence	rothman	OC	3.769802810838915e-12	5.426237728435602e-13	5.751618997898095e-15	1.4267029351589471e-13	7.408972018923986e-13	2.967556980016757e-12	1.7207390953274387e-11
hsv_2	[10310]	prevalence	rothman	PL	3.917168903253769e-12	5.480296813963104e-13	5.343273643048843e-15	1.3900157347152632e-13	8.110068415963878e-13	2.996258945699466e-12	1.776581542447207e-11
hsv_2	[10310]	prevalence	rothman	SB	4.7677210719904516e-12	5.631739250918495e-13	5.057011774772646e-15	1.3929481935023748e-13	8.386970025107708e-13	3.2059738957471972e-12	2.0118851236489577e-11
hsv_2	[10310]	prevalence	rothman	SJ	3.7187930007307065e-12	5.162556796438303e-13	4.519868560817529e-15	1.2614389552512488e-13	7.265739900966596e-13	3.2392113284223324e-12	1.652369205906907e-11
hsv_2	[10310]	prevalence	rothman	Overall	2.9726406736676186e-12	6.64622276156019e-13	1.5976323327205034e-14	2.059101592133941e-13	8.667622496211686e-13	2.7586662321012056e-12	1.2054587374873626e-11
hsv_2	[10310]	prevalence	spurbeck	A	9.271628213360748e-13	1.1808123730384386e-13	1.2636449201334743e-15	2.6628220953381294e-14	1.5697896827947016e-13	7.334514366353487e-13	4.073269333592443e-12
hsv_2	[10310]	prevalence	spurbeck	B	1.0338087024417054e-12	1.2217873511698804e-13	1.1067428023530719e-15	2.679603565022803e-14	1.6256781646244548e-13	8.074222303415181e-13	4.367183104821903e-12
hsv_2	[10310]	prevalence	spurbeck	C	1.0888882512717288e-12	1.3416188873727788e-13	1.4363405650699188e-15	3.155529574839617e-14	1.7902872508156172e-13	8.01659381820061e-13	4.859543065940905e-12
hsv_2	[10310]	prevalence	spurbeck	D	1.1124992876414987e-12	1.2894114061022127e-13	1.4061340597912637e-15	2.7543710936674768e-14	1.799064057333543e-13	8.01229048822215e-13	4.5471042026947164e-12
hsv_2	[10310]	prevalence	spurbeck	E	1.1274799489417552e-12	1.260837237289385e-13	1.3459605514227871e-15	2.6101814256435348e-14	1.5725955700513363e-13	8.154510488415409e-13	4.908033788492063e-12
hsv_2	[10310]	prevalence	spurbeck	F	1.1041767178904184e-12	1.3506338311964984e-13	1.6675389692190895e-15	3.016424883578548e-14	1.8166242426928387e-13	8.301624450838723e-13	4.5770534314033955e-12
hsv_2	[10310]	prevalence	spurbeck	G	1.0587830887282358e-12	1.208482722093049e-13	1.0488061428123862e-15	2.8301495075311685e-14	1.6601039757650216e-13	7.575439202066328e-13	4.73512047236582e-12
hsv_2	[10310]	prevalence	spurbeck	H	1.0317704128036324e-12	1.2182795514153252e-13	1.1320399775179168e-15	2.710403148577861e-14	1.618247351765387e-13	7.604060088196514e-13	4.459615605139036e-12
hsv_2	[10310]	prevalence	spurbeck	I	1.2637866807366857e-12	1.322990766372735e-13	1.2380322457041876e-15	2.9253500997387106e-14	1.7691314374747062e-13	8.513316186940637e-13	5.183812128284184e-12
hsv_2	[10310]	prevalence	spurbeck	J	1.0171836497518842e-12	1.2563173818281754e-13	1.152458280511905e-15	2.826705042767996e-14	1.698459239043718e-13	7.97487082725684e-13	4.217599254657401e-12
hsv_2	[10310]	prevalence	spurbeck	Overall	6.046801472243561e-13	1.5132260161372122e-13	4.487383647889524e-15	4.519635108904332e-14	1.8455592674959877e-13	6.696342272969355e-13	2.464277785135208e-12
cmv	[10359]	prevalence	crits_christoph	Berkeley	4.0641259389906086e-12	1.9522126689537562e-13	1.2112724719397186e-15	3.6934864989384496e-14	2.730931748796528e-13	1.4069983048402984e-12	1.3030501233931827e-11
cmv	[10359]	prevalence	crits_christoph	Marin	1.8315881814571314e-12	1.6961744178843872e-13	8.92165136383793e-16	3.676285108532522e-14	2.5052817450129334e-13	1.2296078305071688e-12	8.081740402397524e-12
cmv	[10359]	prevalence	crits_christoph	Oakland	7.157870686827483e-12	1.4677287467889921e-13	1.0566129491553466e-15	2.8971308892665755e-14	2.1855318006191174e-13	9.806212601222653e-13	6.283449661400249e-12
cmv	[10359]	prevalence	crits_christoph	SF	5.126302173695295e-12	2.0771471377624919e-13	1.1563066086860946e-15	4.129372236819235e-14	2.7552040888934204e-13	1.4488083790375524e-12	1.3071148790652415e-11
cmv	[10359]	prevalence	crits_christoph	Overall	2.3108547928986875e-12	2.591784200500271e-13	3.751404138966905e-15	6.443502904804028e-14	3.3735098538799765e-13	1.3361988819307396e-12	7.449969862649741e-12
cmv	[10359]	prevalence	rothman	ESC	1.2587548231321515e-12	1.1027216715114253e-13	1.1082919765387625e-15	2.4921768836319415e-14	1.5276900915928332e-13	6.453532474646203e-13	3.982236020338335e-12
cmv	[10359]	prevalence	rothman	HTP	5.909746429795345e-13	9.599834910159155e-14	9.461526145631329e-16	2.184156420304811e-14	1.462267988955972e-13	5.849103441603357e-13	2.6482918965353254e-12
cmv	[10359]	prevalence	rothman	JWPCP	8.186634573901445e-13	1.0744838453309551e-13	1.2022752111221079e-15	2.643504190784356e-14	1.5136929891229414e-13	6.149882848737008e-13	3.2898028456469176e-12
cmv	[10359]	prevalence	rothman	NC	1.1003004847030674e-12	1.086823679290464e-13	9.669332035907206e-16	2.4065823161561704e-14	1.5138795395098915e-13	6.412272786128652e-13	4.4626320957003805e-12
cmv	[10359]	prevalence	rothman	OC	7.509871247454588e-13	1.0383777444652488e-13	8.692478345070781e-16	2.7018615534249458e-14	1.510306657959379e-13	6.342333606121064e-13	3.0805790051419324e-12
cmv	[10359]	prevalence	rothman	PL	7.128379278194473e-13	1.0092212785777388e-13	1.0057560297741277e-15	2.397717073383925e-14	1.456220061803917e-13	5.844322779910419e-13	3.2214863616361784e-12
cmv	[10359]	prevalence	rothman	SB	9.609262626681853e-13	1.119475620545011e-13	1.202376377384203e-15	2.574446947747248e-14	1.637631130212372e-13	6.714764999655626e-13	3.6256168988552473e-12
cmv	[10359]	prevalence	rothman	SJ	7.163672603191447e-13	1.0020160707330908e-13	8.635355957772847e-16	2.3204555978572757e-14	1.476600296521649e-13	6.215908412076685e-13	3.1191252445293166e-12
cmv	[10359]	prevalence	rothman	Overall	4.986025252379645e-13	1.286016345357325e-13	3.449279794126294e-15	3.836313213662263e-14	1.671825454503774e-13	5.594197050750088e-13	2.0039224870157326e-12
cmv	[10359]	prevalence	spurbeck	A	1.7433119619849095e-12	5.591276225170836e-13	2.0410481321499763e-14	1.9543582197077906e-13	6.927143737393132e-13	1.9867012964339944e-12	6.759015992437713e-12
cmv	[10359]	prevalence	spurbeck	B	7.724304474035194e-13	1.5111440211541212e-13	2.0703520107394327e-15	4.2639112192634176e-14	2.175626354764151e-13	7.704267018226438e-13	3.2457327117937413e-12
cmv	[10359]	prevalence	spurbeck	C	8.495054394234609e-13	1.5872050303615116e-13	2.108917225696612e-15	4.9458921134684605e-14	2.2899974180083086e-13	7.962343505504149e-13	3.697615649126335e-12
cmv	[10359]	prevalence	spurbeck	D	8.40960530612743e-13	1.7142854388696445e-13	2.4824983891636835e-15	5.2144616429612615e-14	2.387571464999291e-13	8.711539786802082e-13	3.684113505930725e-12
cmv	[10359]	prevalence	spurbeck	E	7.892802903021592e-13	1.665687754608666e-13	1.8427424323984633e-15	5.16694075629009e-14	2.561943989418141e-13	8.552390885259212e-13	3.2324191374790054e-12
cmv	[10359]	prevalence	spurbeck	F	9.423211912197196e-13	1.7646773085558783e-13	2.5441632652134237e-15	5.116390592316549e-14	2.5562418458598313e-13	9.126229350541211e-13	4.058886226351106e-12
cmv	[10359]	prevalence	spurbeck	G	7.401393321879511e-13	1.5079364285502879e-13	2.141193897806089e-15	4.5297244625033514e-14	2.2151837526948016e-13	7.382118430633812e-13	3.2457795476902145e-12
cmv	[10359]	prevalence	spurbeck	H	5.5300340126889986e-12	1.465287144464524e-12	3.863479789618107e-14	4.511492978982594e-13	1.8707957063317384e-12	6.393440680950154e-12	2.2690242289804306e-11
cmv	[10359]	prevalence	spurbeck	I	8.045325504617067e-13	1.6911769991101753e-13	2.7484334303109944e-15	5.1146247641044933e-14	2.4607222452139095e-13	8.323504314073235e-13	3.295972292925365e-12
cmv	[10359]	prevalence	spurbeck	J	8.070628079499347e-13	1.596021072047633e-13	1.9295786446870324e-15	4.874077657814793e-14	2.3253882491982645e-13	8.01803351852461e-13	3.485485812233339e-12
cmv	[10359]	prevalence	spurbeck	Overall	6.420116506171145e-13	2.507989423194497e-13	1.1895321280243193e-14	9.618557011597283e-14	3.188632135102597e-13	8.015997256888337e-13	2.3480251642106843e-12
bkv	[1891762]	prevalence	crits_christoph	Berkeley	1.0769931191204952e-08	6.890787158101229e-11	2.0394947096897776e-12	1.592126985801093e-11	6.40882434884192e-11	2.724218500944564e-10	3.4039213249779825e-09
bkv	[1891762]	prevalence	crits_christoph	Marin	4.758167040684352e-11	4.456800358460837e-12	3.8921918003323195e-14	1.2651614363047043e-12	6.226243816162183e-12	2.416965312157661e-11	1.4600290012723778e-10
bkv	[1891762]	prevalence	crits_christoph	Oakland	2.94566565322172e-10	3.670791559178888e-11	2.07998218746666e-12	1.24372520903136e-11	3.8209961776961805e-11	1.1419736741256464e-10	5.0780377555829e-10
bkv	[1891762]	prevalence	crits_christoph	SF	1.2855931372903538e-10	7.128207470352614e-12	6.620652324313556e-14	1.8057638766093102e-12	9.822846336216085e-12	3.910115900294576e-11	2.8659016762976697e-10
bkv	[1891762]	prevalence	crits_christoph	Overall	1.3622979190861313e-10	2.2618484764784452e-11	1.3160116197867674e-12	7.38593644263905e-12	2.356161336732298e-11	6.963461349991437e-11	3.567573663367469e-10
bkv	[1891762]	prevalence	rothman	ESC	1.477211363866314e-12	2.7813366522199254e-13	3.078823230465393e-15	8.287893286803832e-14	4.223600165793945e-13	1.4646938332304821e-12	6.30874930433274e-12
bkv	[1891762]	prevalence	rothman	HTP	1.946987521128132e-12	6.185378752599555e-13	1.485261431034722e-14	2.299361667097439e-13	8.914680175887727e-13	2.4488355247389128e-12	7.541754883202063e-12
bkv	[1891762]	prevalence	rothman	JWPCP	1.2532692045414503e-12	2.4711386372495044e-13	2.4618517836283524e-15	7.124953971769337e-14	3.688704370416272e-13	1.398371377816439e-12	5.554139726088616e-12
bkv	[1891762]	prevalence	rothman	NC	1.3539881726133207e-12	2.6413121057809426e-13	2.8906659531194187e-15	7.474182901314776e-14	4.1134950532119197e-13	1.4755485311271526e-12	5.519656941798963e-12
bkv	[1891762]	prevalence	rothman	OC	1.0609906524709778e-12	2.2708112758138098e-13	2.430713197671413e-15	6.802980111527703e-14	3.5072084197421637e-13	1.2892988021796937e-12	4.465901589900098e-12
bkv	[1891762]	prevalence	rothman	PL	1.1132208870411679e-12	2.300854458454989e-13	2.1047956558370877e-15	6.841324078988528e-14	3.611766646185712e-13	1.3189247716041994e-12	4.501769494035067e-12
bkv	[1891762]	prevalence	rothman	SB	1.3465166327582335e-12	2.5896721565982435e-13	2.3901314957292185e-15	7.958375604290275e-14	4.067990818260266e-13	1.4451612702600715e-12	5.554130412765425e-12
bkv	[1891762]	prevalence	rothman	SJ	2.6726228533588654e-12	7.883051879193053e-13	1.789450807773743e-14	2.865065528779087e-13	1.1198088386478286e-12	3.1511716209102816e-12	1.0156353450958108e-11
bkv	[1891762]	prevalence	rothman	Overall	1.047776503731009e-12	3.446288498136395e-13	9.189776725603147e-15	1.2892964293229948e-13	4.75422752679297e-13	1.3810717900921479e-12	4.136364500987625e-12
bkv	[1891762]	prevalence	spurbeck	A	4.229240711433218e-13	4.5152991891544e-14	1.9122474385013555e-16	9.151871245167223e-15	7.605833693869619e-14	3.662709294867361e-13	1.8809060604625347e-12
bkv	[1891762]	prevalence	spurbeck	B	5.253361702043023e-13	5.4759346056909e-14	2.3914580968299143e-16	1.2079741550951898e-14	8.849231183083244e-14	4.1382770979720205e-13	2.258819419778401e-12
bkv	[1891762]	prevalence	spurbeck	C	8.553767521124142e-13	6.955276221021997e-14	2.749853102612262e-16	1.4900715941296602e-14	1.1616374758997983e-13	5.599836396490878e-13	3.5201691881105658e-12
bkv	[1891762]	prevalence	spurbeck	D	9.370589926326039e-13	6.822810131138475e-14	2.475022392100536e-16	1.3434605224198737e-14	1.1424871016898555e-13	5.69666546209199e-13	3.522961128061576e-12
bkv	[1891762]	prevalence	spurbeck	E	5.863090095328973e-13	5.712405160464045e-14	1.5055404331505371e-16	1.2411548497059825e-14	9.720705991050442e-14	4.574811580001354e-13	2.6775829878633953e-12
bkv	[1891762]	prevalence	spurbeck	F	2.739142610159381e-11	9.672421363804237e-12	3.870955507659902e-13	3.5861503066119477e-12	1.2254031465045894e-11	3.338856763022358e-11	1.0099328128325482e-10
bkv	[1891762]	prevalence	spurbeck	G	3.848119709355576e-12	1.4362670300364075e-12	9.219322196413554e-14	5.632687371611336e-13	1.6127709677976954e-12	4.1820487545473224e-12	1.3891450608385948e-11
bkv	[1891762]	prevalence	spurbeck	H	5.279495695741994e-11	1.976367725409422e-11	8.797324536228689e-13	8.059165885858836e-12	2.4405953336073017e-11	6.156025298349731e-11	1.971938219991817e-10
bkv	[1891762]	prevalence	spurbeck	I	6.365714959042079e-13	5.862324315528782e-14	1.7949710511903636e-16	1.2624685058908273e-14	9.642617211614813e-14	4.716443066670815e-13	2.847366741422178e-12
bkv	[1891762]	prevalence	spurbeck	J	5.78286341183985e-13	5.6013703104005045e-14	1.8504535536395357e-16	1.2565203738352365e-14	9.362698770186479e-14	4.551803185932789e-13	2.6955832713635735e-12
bkv	[1891762]	prevalence	spurbeck	Overall	8.781115327740878e-13	3.437069363512521e-13	2.40994186947405e-14	1.398018171065365e-13	3.8745673357136907e-13	9.886330916732471e-13	3.089024442175136e-12
hsv_1	[10298]	prevalence	crits_christoph	Berkeley	6.6047553517591534e-12	9.01741488268003e-14	1.1130564552171898e-16	1.2628702628779527e-14	1.7705205564134417e-13	1.197673522511967e-12	1.1497958188443046e-11
hsv_1	[10298]	prevalence	crits_christoph	Marin	1.9291782158759133e-12	7.953273757403408e-14	1.0212291934261455e-16	1.1089188803268215e-14	1.4825247766118928e-13	1.05829146493109e-12	8.138578587063723e-12
hsv_1	[10298]	prevalence	crits_christoph	Oakland	1.9372062984047623e-12	7.296438027587591e-14	8.81602764699597e-17	1.2023576535037432e-14	1.4457313423645651e-13	8.929970637088106e-13	7.092348722107595e-12
hsv_1	[10298]	prevalence	crits_christoph	SF	5.36458901862747e-12	9.588746866272179e-14	1.1516125718163066e-16	1.3325797170199657e-14	1.7780064002168895e-13	1.1147919914980544e-12	1.135951288461978e-11
hsv_1	[10298]	prevalence	crits_christoph	Overall	3.4339741638968158e-12	1.300391055450513e-13	1.0447218760578213e-16	2.905363878800779e-14	2.2219099922272448e-13	1.108333017247589e-12	8.28910949471125e-12
hsv_1	[10298]	prevalence	rothman	ESC	3.9976938271495176e-11	3.090090739607603e-11	8.67706639247794e-12	2.024630770340483e-11	3.2172393684110487e-11	4.993047480950525e-11	9.482394516704712e-11
hsv_1	[10298]	prevalence	rothman	HTP	3.824304591009818e-11	3.242131891186484e-11	1.1350496772691874e-11	2.2274481644298204e-11	3.3730274893746944e-11	4.963892132060674e-11	7.945198348190601e-11
hsv_1	[10298]	prevalence	rothman	JWPCP	3.534903065376605e-11	2.922817518006416e-11	9.600776529810312e-12	1.9658455408688208e-11	3.08562073093177e-11	4.507758123286341e-11	7.592853533503108e-11
hsv_1	[10298]	prevalence	rothman	NC	5.3087979371142077e-11	4.131202853690761e-11	1.2744346896440643e-11	2.656439942690002e-11	4.127828733122974e-11	6.576859609532099e-11	1.3319026663723065e-10
hsv_1	[10298]	prevalence	rothman	OC	3.8682982061594335e-11	3.23037120090092e-11	1.107836304123459e-11	2.215335369544746e-11	3.358310373756568e-11	4.929930124160705e-11	8.330844837664478e-11
hsv_1	[10298]	prevalence	rothman	PL	4.9886623787290575e-11	4.1359095099715545e-11	1.4575269587969963e-11	2.795132564498782e-11	4.160191344607452e-11	6.316452637069127e-11	1.1047625155436716e-10
hsv_1	[10298]	prevalence	rothman	SB	3.8712075128513284e-11	3.04137986249098e-11	8.596626262539146e-12	2.041878676299322e-11	3.195373270410119e-11	4.859285537672605e-11	9.205866083779443e-11
hsv_1	[10298]	prevalence	rothman	SJ	2.930076130328924e-11	2.3640527211099403e-11	6.660774372319554e-12	1.5931543075226825e-11	2.557893481585193e-11	3.812151033575069e-11	6.738311048401582e-11
hsv_1	[10298]	prevalence	rothman	Overall	3.7215098629530835e-11	3.250342779171175e-11	1.291727628995058e-11	2.3383349724897363e-11	3.3382982434116374e-11	4.613608454188537e-11	7.421514090035613e-11
hsv_1	[10298]	prevalence	spurbeck	A	4.734783280169884e-13	8.321040733801245e-14	1.3097685634300598e-15	2.1766835606664284e-14	1.1864426953602618e-13	4.693616824613754e-13	2.0905218915027538e-12
hsv_1	[10298]	prevalence	spurbeck	B	5.017953328060663e-13	9.339623182918502e-14	1.3804383266454036e-15	2.5931445531431148e-14	1.2704797344071238e-13	4.737305895940541e-13	2.0069598698568843e-12
hsv_1	[10298]	prevalence	spurbeck	C	5.452742697373357e-13	9.835522585802934e-14	1.587748328047138e-15	2.7255339755740298e-14	1.2799333166155906e-13	4.756762182425303e-13	2.2205798328197007e-12
hsv_1	[10298]	prevalence	spurbeck	D	5.529917711182406e-13	9.172184325659746e-14	1.195123835641088e-15	2.5940789461563302e-14	1.2453860685014462e-13	4.894414662976596e-13	2.180497677555938e-12
hsv_1	[10298]	prevalence	spurbeck	E	5.399322440311363e-13	9.412758106764833e-14	1.412144547848164e-15	2.4993609992744303e-14	1.269551020272101e-13	5.04982705227498e-13	2.201462265589726e-12
hsv_1	[10298]	prevalence	spurbeck	F	6.332994537423653e-13	9.816323002275939e-14	1.500453582587154e-15	2.4961488041203706e-14	1.3201585750494917e-13	5.353287608898317e-13	2.6087638231952652e-12
hsv_1	[10298]	prevalence	spurbeck	G	5.237872985140168e-13	8.830299481612293e-14	1.2078898865413893e-15	2.2540700040881137e-14	1.2589950137431665e-13	4.617864946760527e-13	2.1518023163521303e-12
hsv_1	[10298]	prevalence	spurbeck	H	1.8476422248390856e-12	4.834776053588385e-13	1.727267049004862e-14	1.487214063498625e-13	5.908765598989726e-13	1.820588760917812e-12	7.966827791922813e-12
hsv_1	[10298]	prevalence	spurbeck	I	5.670532038981609e-13	9.547515638113046e-14	1.0422875506624904e-15	2.4972101767938834e-14	1.303387987257061e-13	5.163836815598718e-13	2.352560137153171e-12
hsv_1	[10298]	prevalence	spurbeck	J	5.578866364841941e-13	9.40787713341889e-14	1.3938243908092437e-15	2.5968929479809612e-14	1.296919133987635e-13	4.778510447055342e-13	2.3876487945264416e-12
hsv_1	[10298]	prevalence	spurbeck	Overall	3.3464635915060713e-13	1.1604179373536344e-13	5.285642361209445e-15	4.1137789813238376e-14	1.4115971653024352e-13	4.0750080367484457e-13	1.2595167722252202e-12
influenza	[11320]	incidence	crits_christoph	Berkeley	8.298213019548175e-06	1.13927576845497e-07	1.4062664486379306e-10	1.5955453501549247e-08	2.2369243597961298e-07	1.5131717128258176e-06	1.4526628784933952e-05
influenza	[11320]	incidence	crits_christoph	Marin	2.437236175561208e-06	1.0048362534716866e-07	1.290249334946084e-10	1.401038902138594e-08	1.8730626399446e-07	1.337073050838334e-06	1.028240056675846e-05
influenza	[11320]	incidence	crits_christoph	Oakland	2.4464519657297163e-06	9.218499958637452e-08	1.1138414257862876e-10	1.5190920406708866e-08	1.8265768101068328e-07	1.1282360269218612e-06	8.960590124731935e-06
influenza	[11320]	incidence	crits_christoph	SF	6.765657522557808e-06	1.2114607151936313e-07	1.4549793175145162e-10	1.6836182083218202e-08	2.246382178590833e-07	1.4084571898283184e-06	1.435171819766372e-05
influenza	[11320]	incidence	crits_christoph	Overall	4.3279376698482856e-06	1.642943068076757e-07	1.3199306428569315e-10	3.6707173075453766e-08	2.807222025982386e-07	1.4002967652431903e-06	1.0472581549444388e-05
influenza	[11320]	incidence	rothman	ESC	2.357297276376459e-07	1.2762291707660628e-08	5.846220484175267e-11	2.3543267040076188e-09	1.9602173439455196e-08	9.404452177818987e-08	6.772781423128216e-07
influenza	[11320]	incidence	rothman	HTP	6.60803670550409e-08	9.498270878160659e-09	5.375728079384832e-11	2.035199223043954e-09	1.5638899424772666e-08	6.562288826357793e-08	2.8611158942892727e-07
influenza	[11320]	incidence	rothman	JWPCP	1.038764389029397e-07	1.119702431681128e-08	6.366432386805306e-11	2.363291638822967e-09	1.6966767595298326e-08	7.804755553040781e-08	4.774035923290885e-07
influenza	[11320]	incidence	rothman	NC	9.140129049640022e-08	1.0468713146874908e-08	5.0196039068108546e-11	2.279681975683475e-09	1.704584431366088e-08	7.873392565474666e-08	4.073313849387976e-07
influenza	[11320]	incidence	rothman	OC	7.646171786795649e-08	9.597512098291602e-09	6.551444121454169e-11	2.009859647089727e-09	1.4417399205804789e-08	6.855773177698826e-08	3.4018672730370183e-07
influenza	[11320]	incidence	rothman	PL	7.033142346979929e-08	9.114282589698814e-09	5.655138521994405e-11	2.0819174520063615e-09	1.3754294644042887e-08	6.637754759164744e-08	3.3061005033171376e-07
influenza	[11320]	incidence	rothman	SB	9.849622013270224e-08	1.0362622489671046e-08	6.950473527876191e-11	2.0634351344730065e-09	1.5652755919607808e-08	7.566457973780869e-08	4.7512542664021823e-07
influenza	[11320]	incidence	rothman	SJ	8.871812320695906e-08	1.0034578858580421e-08	5.185399574169762e-11	2.0077730739172964e-09	1.648229488663184e-08	7.414231259899103e-08	4.14117443094313e-07
influenza	[11320]	incidence	rothman	Overall	6.515930901430009e-08	1.3055239737526018e-08	1.6235950253790436e-10	3.4624463101645457e-09	1.8062523807846025e-08	6.645567909104092e-08	2.9167316879619664e-07
influenza	[11320]	incidence	spurbeck	A	5.364329061278087e-11	7.275403299498564e-12	6.807835519476984e-14	1.8122491778653787e-12	1.0598922714970928e-11	4.4543771235630884e-11	2.2185143097373298e-10
influenza	[11320]	incidence	spurbeck	B	5.5874560490814666e-11	7.396531714537521e-12	6.386220108841908e-14	1.7001723923852065e-12	1.1119936018473909e-11	4.7396775594448525e-11	2.463683187508021e-10
influenza	[11320]	incidence	spurbeck	C	6.969162074193065e-11	7.812273435247774e-12	6.200674138811384e-14	1.831082236245149e-12	1.0974726923450209e-11	4.8176246090290305e-11	2.7215582550769025e-10
influenza	[11320]	incidence	spurbeck	D	6.785859931519023e-11	7.419777401285647e-12	6.946898922090692e-14	1.8080734358943459e-12	1.0363639063817066e-11	4.517310695469004e-11	2.802530793945685e-10
influenza	[11320]	incidence	spurbeck	E	6.661415988579795e-11	7.726734790421123e-12	7.228415321619562e-14	2.0053408642484156e-12	1.0916672722584358e-11	5.05299742999131e-11	2.576492248785714e-10
influenza	[11320]	incidence	spurbeck	F	7.11412744448671e-11	7.391897232012574e-12	6.48051505496659e-14	1.6890408638757711e-12	1.0135930299934938e-11	4.7109212120316415e-11	2.763723291912221e-10
influenza	[11320]	incidence	spurbeck	G	5.707225624744389e-11	7.487614497585084e-12	6.773947085911732e-14	1.870115101030626e-12	1.0578528373744991e-11	4.447501260136431e-11	2.350684546142962e-10
influenza	[11320]	incidence	spurbeck	H	6.411877928053941e-11	8.035877362685856e-12	6.871197935020919e-14	1.997831142754168e-12	1.1272005060308599e-11	5.039706639275367e-11	2.696227765516993e-10
influenza	[11320]	incidence	spurbeck	I	7.04801628491245e-11	8.03547128249338e-12	6.722011550723235e-14	1.9845363509624835e-12	1.1422998164327382e-11	5.056425363342469e-11	2.8666673131433273e-10
influenza	[11320]	incidence	spurbeck	J	6.269840741520091e-11	7.751877009049765e-12	6.848284933586928e-14	1.8612331353542563e-12	1.0975758426678108e-11	5.0161585079854486e-11	2.5069882101099177e-10
influenza	[11320]	incidence	spurbeck	Overall	3.464867327086354e-11	8.9414949423226e-12	2.064116531147108e-13	2.7495566262094398e-12	1.156995553538202e-11	3.863904998542929e-11	1.4427801036686866e-10
influenza	[11520]	incidence	crits_christoph	Berkeley	8.298213019548175e-06	1.13927576845497e-07	1.4062664486379306e-10	1.5955453501549247e-08	2.2369243597961298e-07	1.5131717128258176e-06	1.4526628784933952e-05
influenza	[11520]	incidence	crits_christoph	Marin	2.437236175561208e-06	1.0048362534716866e-07	1.290249334946084e-10	1.401038902138594e-08	1.8730626399446e-07	1.337073050838334e-06	1.028240056675846e-05
influenza	[11520]	incidence	crits_christoph	Oakland	2.4464519657297163e-06	9.218499958637452e-08	1.1138414257862876e-10	1.5190920406708866e-08	1.8265768101068328e-07	1.1282360269218612e-06	8.960590124731935e-06
influenza	[11520]	incidence	crits_christoph	SF	6.765657522557808e-06	1.2114607151936313e-07	1.4549793175145162e-10	1.6836182083218202e-08	2.246382178590833e-07	1.4084571898283184e-06	1.435171819766372e-05
influenza	[11520]	incidence	crits_christoph	Overall	4.3279376698482856e-06	1.642943068076757e-07	1.3199306428569315e-10	3.6707173075453766e-08	2.807222025982386e-07	1.4002967652431903e-06	1.0472581549444388e-05
influenza	[11520]	incidence	rothman	ESC	2.5509928781002016e-07	1.8055957864489793e-08	1.501570998039727e-10	4.540239631633558e-09	2.3934634735862227e-08	1.045796597712147e-07	7.487913891303011e-07
influenza	[11520]	incidence	rothman	HTP	7.863820678123683e-08	1.4093017458681757e-08	1.2825093395013487e-10	4.306146740417274e-09	2.0202916220234375e-08	7.528552074082856e-08	3.4430216522301006e-07
influenza	[11520]	incidence	rothman	JWPCP	1.1381877515092892e-07	1.4042568532196242e-08	9.128361260025219e-11	3.6829837936519492e-09	2.096827310884261e-08	8.265441990259953e-08	4.901468837708185e-07
influenza	[11520]	incidence	rothman	NC	1.3253260827194776e-07	1.5323337336883452e-08	1.3293382937271066e-10	4.250405944019924e-09	2.1550240178638744e-08	8.913969811728322e-08	5.123413956297082e-07
influenza	[11520]	incidence	rothman	OC	9.651448697123176e-08	1.5730539755232822e-08	1.5464042522910882e-10	4.410315133434104e-09	2.33324761032349e-08	8.596064548490701e-08	4.117451698890245e-07
influenza	[11520]	incidence	rothman	PL	8.088556846384175e-08	1.295984579168409e-08	1.137320457557843e-10	3.592196707310743e-09	1.825936918603668e-08	7.41212649211219e-08	3.4552251163448225e-07
influenza	[11520]	incidence	rothman	SB	1.7123789120726096e-07	1.7690345061481234e-08	1.4576488125046216e-10	4.557987453291666e-09	2.6100114958872596e-08	9.85980711449132e-08	6.318754169444784e-07
influenza	[11520]	incidence	rothman	SJ	1.248860927161685e-07	1.5609620222642144e-08	1.4582190189143561e-10	3.892769210430292e-09	2.205406617961435e-08	8.904135470992377e-08	4.93876284334957e-07
influenza	[11520]	incidence	rothman	Overall	7.487577047854884e-08	1.9388970981118385e-08	4.600088478389258e-10	6.9146782705537386e-09	2.58735524306267e-08	7.468311361255358e-08	2.8762869947952577e-07
influenza	[11520]	incidence	spurbeck	A	2.7358239835502556e-09	4.1194900600232713e-10	3.97251414244953e-12	9.572571158552289e-11	5.84603536699708e-10	2.8527294089084057e-09	1.045404258425847e-08
influenza	[11520]	incidence	spurbeck	B	3.010487959734946e-09	4.3287519990243196e-10	3.886703828305785e-12	1.0005006369470957e-10	6.314974812796533e-10	2.936347086564437e-09	1.1942909946969554e-08
influenza	[11520]	incidence	spurbeck	C	3.069309446181771e-09	4.3870644613584193e-10	4.300999729314097e-12	9.929259420054191e-11	6.398138496769364e-10	2.83775577844116e-09	1.3234520892669686e-08
influenza	[11520]	incidence	spurbeck	D	3.2107856187251804e-09	4.423916118502818e-10	4.95600335333923e-12	9.612516592843966e-11	6.20431389635142e-10	3.1060187207014414e-09	1.2519676277239179e-08
influenza	[11520]	incidence	spurbeck	E	3.1464208346576085e-09	4.2758490199314943e-10	4.370458489661636e-12	9.609355457447877e-11	5.835247966502992e-10	3.0034898411572448e-09	1.2633425945723042e-08
influenza	[11520]	incidence	spurbeck	F	3.8573576959260735e-09	4.5133520389949995e-10	4.039986886949046e-12	9.524295006774765e-11	6.348731812047592e-10	3.200434441967464e-09	1.4480938424994658e-08
influenza	[11520]	incidence	spurbeck	G	2.9756156691142737e-09	4.344105894584588e-10	4.5038803069556775e-12	1.006716835182182e-10	6.033354110593564e-10	2.714416077688523e-09	1.1914555158829806e-08
influenza	[11520]	incidence	spurbeck	H	3.107886121350555e-09	4.241579214926875e-10	4.175701302120179e-12	9.677582141787354e-11	6.390835563502463e-10	2.79684525442973e-09	1.2230141251917448e-08
influenza	[11520]	incidence	spurbeck	I	2.8908885422286854e-09	4.4152311867333814e-10	5.311431193550895e-12	9.960315671979432e-11	6.431724862228072e-10	2.6368706467066127e-09	1.2093414613388336e-08
influenza	[11520]	incidence	spurbeck	J	3.1851936150601794e-09	4.4885491692339307e-10	5.364694972767147e-12	1.0317915940138028e-10	6.272441655835686e-10	2.911982034984471e-09	1.2422441428394623e-08
influenza	[11520]	incidence	spurbeck	Overall	1.980109207278588e-09	4.883076662413219e-10	1.1736317177242072e-11	1.3259992710115018e-10	6.197183446250045e-10	2.498633384246324e-09	8.64049696690781e-09
norovirus	[142786]	incidence	crits_christoph	Berkeley	2.9895539172133673e-07	7.53486548185718e-08	9.684322403326163e-10	3.047589266812586e-08	1.1964318565511682e-07	3.431232051823779e-07	1.051623194241183e-06
norovirus	[142786]	incidence	crits_christoph	Marin	1.7328005553299396e-07	5.22768686554563e-08	9.722722994200967e-10	2.0372830283282528e-08	7.89973626248014e-08	2.2259290557324626e-07	5.991308908027017e-07
norovirus	[142786]	incidence	crits_christoph	Oakland	7.493342237338679e-07	3.7392373525697476e-07	6.534219015436517e-08	2.2639253818115367e-07	4.2195496886820174e-07	6.848757245083303e-07	1.4315214346694068e-06
norovirus	[142786]	incidence	crits_christoph	SF	1.592700632604209e-06	6.854436317831669e-07	7.441826405973074e-08	3.5056277213418265e-07	7.291099852364432e-07	1.5552353355671672e-06	4.5707645084569725e-06
norovirus	[142786]	incidence	crits_christoph	Overall	4.465462528646843e-07	1.9444798196114814e-07	1.597846922523017e-08	9.193202195889114e-08	2.2866137354058123e-07	5.132724444692112e-07	1.3588876474480842e-06
norovirus	[142786]	incidence	rothman	ESC	6.228775056830287e-06	4.541657630499737e-06	1.1876449831376226e-06	2.6743171139637936e-06	4.587060058244965e-06	7.906869813146221e-06	1.6521896773226004e-05
norovirus	[142786]	incidence	rothman	HTP	8.54497964706521e-05	8.26110870125625e-05	5.384981106498343e-05	6.963654391365731e-05	8.324035989769384e-05	9.793363638778586e-05	0.0001253767558829249
norovirus	[142786]	incidence	rothman	JWPCP	1.6409337342427802e-06	1.374270865556784e-06	4.73092159660588e-07	9.461412220602295e-07	1.4165619969762755e-06	2.0895860096514567e-06	3.5817171485237797e-06
norovirus	[142786]	incidence	rothman	NC	1.299882841324183e-05	1.1396697042967648e-05	4.732712007900703e-06	8.061381845052208e-06	1.1549200391112608e-05	1.6384119697691152e-05	2.6193354320822192e-05
norovirus	[142786]	incidence	rothman	OC	2.2017977620400407e-05	2.0819002874512746e-05	1.1820887675681111e-05	1.6674142979796612e-05	2.0867866142709796e-05	2.610571961475808e-05	3.55607174353558e-05
norovirus	[142786]	incidence	rothman	PL	1.4109714913883957e-05	1.317829738861179e-05	7.064493695833709e-06	1.0391377237647888e-05	1.3240871530445257e-05	1.6742846464999706e-05	2.427318299446349e-05
norovirus	[142786]	incidence	rothman	SB	0.00019781097000570852	0.0001800396179203522	8.603973791672769e-05	0.0001341324473363659	0.0001838126479638454	0.0002438276228923356	0.0003540663788191378
norovirus	[142786]	incidence	rothman	SJ	2.325891074210097e-05	2.1918290742369886e-05	1.2206352893897975e-05	1.7343730987934713e-05	2.2129162640046773e-05	2.7989652488439444e-05	3.8253770703991154e-05
norovirus	[142786]	incidence	rothman	Overall	2.3336495863407818e-05	1.7864602104359244e-05	5.894463383579443e-06	1.1459186567983681e-05	1.7872150479147204e-05	2.7593349553444212e-05	5.610491239982059e-05
norovirus	[142786]	incidence	spurbeck	A	1.0137771775226078e-09	1.794088669273176e-10	1.865304969523714e-12	4.9871440165866414e-11	2.7895883036827285e-10	1.0255533852450427e-09	4.331545078442368e-09
norovirus	[142786]	incidence	spurbeck	B	1.2547348595627168e-09	1.9896833346346927e-10	1.8771676341384535e-12	5.265942981299018e-11	2.9803524287550494e-10	1.155316416609833e-09	5.331884237244986e-09
norovirus	[142786]	incidence	spurbeck	C	1.956242658599395e-09	2.8206421358301057e-10	2.2983410570419532e-12	7.755237092194298e-11	4.1839515332631154e-10	1.6975745668077481e-09	7.913481514006619e-09
norovirus	[142786]	incidence	spurbeck	D	2.5992568201184355e-08	1.339418130178129e-08	1.7862189659011058e-09	6.272145663658989e-09	1.4126674542789396e-08	2.928410336625925e-08	8.981862104886859e-08
norovirus	[142786]	incidence	spurbeck	E	1.3865677458359722e-09	2.2612387158268524e-10	2.0473170545453047e-12	6.021984006046777e-11	3.4249373152296575e-10	1.3197671483187974e-09	6.1238200399706655e-09
norovirus	[142786]	incidence	spurbeck	F	1.2456333824964254e-07	7.402934080467107e-08	1.1612287162036528e-08	3.9042731488886656e-08	7.925284878614047e-08	1.5112965948276382e-07	3.763602169389359e-07
norovirus	[142786]	incidence	spurbeck	G	6.61255146442093e-08	4.000824285126066e-08	6.676365244586257e-09	2.067008813488317e-08	4.246745577136452e-08	8.237126510794257e-08	1.9678262017600433e-07
norovirus	[142786]	incidence	spurbeck	H	4.437702145430571e-08	2.376735238439978e-08	2.670411335566719e-09	1.1269431065521608e-08	2.6403471605995855e-08	5.5567070861814215e-08	1.4330561998927267e-07
norovirus	[142786]	incidence	spurbeck	I	1.5397036223217452e-09	2.3853537993630185e-10	2.0618756517990985e-12	6.292598514219448e-11	3.4745275048990984e-10	1.4272013700067261e-09	6.633939277608011e-09
norovirus	[142786]	incidence	spurbeck	J	3.772362274019185e-09	1.3820980163383228e-09	8.34903264392137e-11	5.42615558729305e-10	1.5728922781554887e-09	4.204684328624626e-09	1.4702231691793358e-08
norovirus	[142786]	incidence	spurbeck	Overall	4.528479265951886e-09	2.4008768382348512e-09	2.640616087445459e-10	1.1726399533784891e-09	2.6611289674263897e-09	5.587383232343707e-09	1.4508999768434656e-08
norovirus	[122928]	incidence	crits_christoph	Berkeley	1.5792715231691804e-06	1.0762393290935042e-07	9.73411888627831e-10	2.7706294676419582e-08	1.6896940393060944e-07	6.029509434683432e-07	3.5521347953162414e-06
norovirus	[122928]	incidence	crits_christoph	Marin	8.890889114231762e-07	8.064964340804432e-08	6.028538725758947e-10	2.295898305965267e-08	1.312442695141846e-07	4.239097618740119e-07	2.2049930910834007e-06
norovirus	[122928]	incidence	crits_christoph	Oakland	2.1252194900069543e-06	2.9424296785749056e-07	6.719710447561879e-09	1.0729904319313011e-07	3.742685480151366e-07	1.2050502440341761e-06	3.9821883832663254e-06
norovirus	[122928]	incidence	crits_christoph	SF	9.426155657776897e-07	9.511820686566726e-08	5.417656246107462e-10	2.7343785910575715e-08	1.499786756872338e-07	5.381557828405001e-07	3.5109056027213713e-06
norovirus	[122928]	incidence	crits_christoph	Overall	6.60156338688483e-07	1.4446354851114975e-07	3.859502234855067e-09	4.763225882127918e-08	1.9068149509968057e-07	5.638961836533966e-07	2.4788846385958166e-06
norovirus	[122928]	incidence	rothman	ESC	1.715064320707104e-05	1.2781521204558247e-05	2.90320868906329e-06	8.010701249149189e-06	1.4077596093078885e-05	2.29864403274189e-05	4.034209736277935e-05
norovirus	[122928]	incidence	rothman	HTP	4.42925072010278e-05	4.1878706413722305e-05	2.370227050003902e-05	3.384194700914891e-05	4.2465248900852885e-05	5.272918143124434e-05	7.057265383155053e-05
norovirus	[122928]	incidence	rothman	JWPCP	1.1469575113405302e-05	8.913527098980185e-06	2.226710976487725e-06	5.742581220024653e-06	9.765644545548836e-06	1.5340531371057827e-05	2.689036395253716e-05
norovirus	[122928]	incidence	rothman	NC	2.3797384404179514e-05	1.9617284344097325e-05	6.392994813719839e-06	1.3167104694398028e-05	2.0649844796984176e-05	3.0448363793649435e-05	5.216019373351148e-05
norovirus	[122928]	incidence	rothman	OC	2.985007700654196e-05	2.733072982540541e-05	1.308770586934902e-05	2.0853473549276688e-05	2.7776272805290412e-05	3.670100456630182e-05	5.3018653345993876e-05
norovirus	[122928]	incidence	rothman	PL	1.728402869739963e-05	1.5625834135420214e-05	7.004526944789228e-06	1.1630818789806319e-05	1.6139098858717744e-05	2.1577143475628886e-05	3.211204040941071e-05
norovirus	[122928]	incidence	rothman	SB	5.025696043569999e-05	4.2787351699848005e-05	1.7226393852807987e-05	2.9338786506752348e-05	4.24759236463394e-05	6.233174048775112e-05	0.00010882754805557059
norovirus	[122928]	incidence	rothman	SJ	5.025948902669719e-05	4.5526914655036854e-05	2.1507336222555727e-05	3.394836789110601e-05	4.609899705607914e-05	6.222948383982659e-05	9.315629156180923e-05
norovirus	[122928]	incidence	rothman	Overall	2.5567142789515703e-05	2.3076985922388564e-05	1.0603240254637094e-05	1.7584338794012057e-05	2.3827159710997598e-05	3.081742639997975e-05	4.551282153687632e-05
norovirus	[122928]	incidence	spurbeck	A	2.5127179014036884e-09	4.515752714268976e-10	3.618988094184999e-12	1.285603767735509e-10	6.859059672167912e-10	2.6098280243307857e-09	1.0134179229759213e-08
norovirus	[122928]	incidence	spurbeck	B	2.837731221370789e-09	4.5759628041344935e-10	4.734846389970446e-12	1.2774788114267217e-10	6.91965461605594e-10	2.6774805593705976e-09	1.1693526085952309e-08
norovirus	[122928]	incidence	spurbeck	C	3.826857632889672e-09	5.296450217483154e-10	3.1434510906718945e-12	1.452112788072026e-10	8.2058659500293e-10	3.267835937473352e-09	1.5090549936600896e-08
norovirus	[122928]	incidence	spurbeck	D	1.1660283481938544e-08	2.8512789858518095e-09	1.0021636019743393e-10	9.193298672704387e-10	3.507636715206764e-09	1.089384971527242e-08	4.153205226776148e-08
norovirus	[122928]	incidence	spurbeck	E	2.9804475038314204e-09	5.158777876550647e-10	5.052325311864373e-12	1.5132154025095707e-10	7.824289411654784e-10	2.9343512888376843e-09	1.3265778862745552e-08
norovirus	[122928]	incidence	spurbeck	F	3.4459615089850666e-09	5.145487356878503e-10	4.3927783605034676e-12	1.3990518386466854e-10	7.907038650610133e-10	3.1215900433805035e-09	1.4817563904090741e-08
norovirus	[122928]	incidence	spurbeck	G	3.927490487378266e-08	1.1122482754856458e-08	3.799802200437009e-10	3.442080045545188e-09	1.3804543208316716e-08	4.480233190223382e-08	1.557471942021258e-07
norovirus	[122928]	incidence	spurbeck	H	2.1293994886369488e-08	6.275704921159829e-09	2.658022081207309e-10	2.2661654705883667e-09	7.344467180730812e-09	2.1430730562125642e-08	8.175804535063502e-08
norovirus	[122928]	incidence	spurbeck	I	3.1205789254678753e-09	4.971491691445717e-10	4.781117758552393e-12	1.4180728701385767e-10	7.527162473926018e-10	2.878094927608519e-09	1.3404960725540964e-08
norovirus	[122928]	incidence	spurbeck	J	2.8340524632230906e-09	4.948514459253274e-10	4.631792536131014e-12	1.41862943161794e-10	7.612002268189227e-10	2.7349447128423466e-09	1.1408172727751278e-08
norovirus	[122928]	incidence	spurbeck	Overall	3.11734662021554e-09	1.203127492567385e-09	7.27272905651755e-11	4.804766279258331e-10	1.4519810119896977e-09	3.6638990875304076e-09	1.1317264371126992e-08
norovirus	[122929]	incidence	crits_christoph	Berkeley	3.6897833913296503e-07	4.4805579766462617e-08	4.9181460367303e-10	1.469313513982335e-08	6.474167931331416e-08	2.148618244786956e-07	9.833654417862343e-07
norovirus	[122929]	incidence	crits_christoph	Marin	1.318581584330116e-07	2.8822544829624772e-08	3.3964930217893647e-10	9.7129520654878e-09	4.605678180645451e-08	1.4086508550182782e-07	4.97580642338052e-07
norovirus	[122929]	incidence	crits_christoph	Oakland	2.230535056814805e-07	8.85097491479758e-08	5.048201777477886e-09	3.9947398690448976e-08	1.099397954574005e-07	2.5355908989579005e-07	7.260932202226125e-07
norovirus	[122929]	incidence	crits_christoph	SF	1.3838295718813289e-06	3.4566507539197527e-07	1.2109918043084191e-08	1.256673646628829e-07	4.508694736673632e-07	1.213131578710543e-06	4.428875499682459e-06
norovirus	[122929]	incidence	crits_christoph	Overall	3.491718860140914e-07	9.166992616687897e-08	4.699607381857727e-09	3.786425561440217e-08	1.1008391935365713e-07	2.680133707419596e-07	9.420867340804169e-07
norovirus	[122929]	incidence	rothman	ESC	3.808369293519317e-06	2.5708583899720427e-06	5.737134387324677e-07	1.4067672288100355e-06	2.6058890629017083e-06	4.695462303316756e-06	1.1072271777694115e-05
norovirus	[122929]	incidence	rothman	HTP	8.156939878433977e-05	7.904914081760071e-05	5.252518529979259e-05	6.686099699982031e-05	7.897612107065938e-05	9.335312920918072e-05	0.00011986953846387521
norovirus	[122929]	incidence	rothman	JWPCP	1.284865298292342e-06	1.0459939034418707e-06	3.194023715534557e-07	6.842005770439159e-07	1.1023154487264313e-06	1.6766986743204394e-06	2.8411149746774554e-06
norovirus	[122929]	incidence	rothman	NC	1.153683334434218e-05	9.959324044388738e-06	3.876477435614141e-06	6.9608616635909e-06	1.0072071624770025e-05	1.4497812404438517e-05	2.4118551873226478e-05
norovirus	[122929]	incidence	rothman	OC	1.7794505584587575e-05	1.6825731498529842e-05	9.53755498410739e-06	1.3404454891872101e-05	1.6880540388252207e-05	2.1433464993794428e-05	2.8819697168938742e-05
norovirus	[122929]	incidence	rothman	PL	1.3255326162010011e-05	1.2389658890185386e-05	6.608212932376132e-06	9.646070752677897e-06	1.25364094070404e-05	1.6157229490365636e-05	2.224132732292209e-05
norovirus	[122929]	incidence	rothman	SB	0.00017020312272381227	0.000155130650620299	7.596427537774079e-05	0.0001160481218530107	0.0001558513130135692	0.00020708781045697318	0.0003167485534999171
norovirus	[122929]	incidence	rothman	SJ	1.7543512283984257e-05	1.6382645595615606e-05	8.874643914262756e-06	1.2783842614826997e-05	1.636954158014237e-05	2.0935243285282404e-05	2.9938714879889437e-05
norovirus	[122929]	incidence	rothman	Overall	1.834298174839201e-05	1.4084920941575498e-05	4.53764235020532e-06	9.199328677817428e-06	1.412917841418894e-05	2.1339367846673843e-05	4.384695832826971e-05
norovirus	[122929]	incidence	spurbeck	A	1.2398099338800706e-09	2.1980955884478522e-10	2.9360700969012337e-12	5.855600699573037e-11	3.12464224403623e-10	1.2473555811357968e-09	5.430942987885909e-09
norovirus	[122929]	incidence	spurbeck	B	1.557210649416898e-09	2.7615516138152377e-10	2.492730755035405e-12	8.0384923167946e-11	4.016562515555677e-10	1.5660621852790558e-09	6.214212520733548e-09
norovirus	[122929]	incidence	spurbeck	C	2.2571169822852167e-09	3.2210976651763574e-10	2.7900026133420274e-12	7.942978024242518e-11	4.944730898034577e-10	2.047068089166229e-09	9.518564772272195e-09
norovirus	[122929]	incidence	spurbeck	D	1.763340529286029e-08	8.044715167512684e-09	7.696902302193908e-10	3.5810541077804412e-09	9.006803036910312e-09	2.0088414667433306e-08	6.103359958991787e-08
norovirus	[122929]	incidence	spurbeck	E	1.7317379805753798e-09	2.9012487288840066e-10	2.9370363963137335e-12	7.565916554407707e-11	4.203847959127738e-10	1.6330236809643516e-09	7.637821837160994e-09
norovirus	[122929]	incidence	spurbeck	F	1.2357174400440236e-07	7.436903558806528e-08	1.0920503774974568e-08	3.874877392366294e-08	8.17603781500413e-08	1.586754856141656e-07	3.613199506508451e-07
norovirus	[122929]	incidence	spurbeck	G	5.972946434107758e-08	3.563630030680988e-08	5.6656398883840725e-09	1.8295963241982634e-08	3.8391021669740216e-08	7.461392504346792e-08	1.8113218762988861e-07
norovirus	[122929]	incidence	spurbeck	H	4.586379525403656e-08	2.2870870764362087e-08	2.596782550224493e-09	1.0731124844980797e-08	2.5452428284016175e-08	5.453988927686241e-08	1.4176089261748072e-07
norovirus	[122929]	incidence	spurbeck	I	1.8290706438885015e-09	3.123499388152676e-10	2.710625420330149e-12	8.445277576937758e-11	4.569814450127413e-10	1.7840957500401075e-09	7.64885242085875e-09
norovirus	[122929]	incidence	spurbeck	J	4.670286564067778e-09	1.7063726796060088e-09	1.0157881625699857e-10	6.823754657798357e-10	1.9604647286163124e-09	4.898655205897582e-09	1.7779472016759534e-08
norovirus	[122929]	incidence	spurbeck	Overall	5.05932587972646e-09	2.5071835587482447e-09	2.9958916932015527e-10	1.2314335870583501e-09	2.695208216287608e-09	5.684014723775844e-09	1.634977218446928e-08
aav2	[10804]	prevalence	crits_christoph	Berkeley	3.117301844041452e-12	1.7146051360620897e-13	1.2800622078548972e-15	4.200128961999413e-14	1.970661115162909e-13	1.137216914380087e-12	1.0796093227762906e-11
aav2	[10804]	prevalence	crits_christoph	Marin	1.8694585737097315e-12	1.6573610090999387e-13	1.5607105053749326e-15	4.4629590197513485e-14	1.9021787617021175e-13	9.57521103772647e-13	7.99696134642515e-12
aav2	[10804]	prevalence	crits_christoph	Oakland	1.3088804893212965e-12	1.378513193178896e-13	1.0686216726515052e-15	3.7125377256549527e-14	1.759853662959164e-13	8.532341523699128e-13	5.2508241303790824e-12
aav2	[10804]	prevalence	crits_christoph	SF	2.5825412457168733e-12	1.6672371136500012e-13	1.701063033145407e-15	4.1546065198057735e-14	1.9674398680937357e-13	1.034279561852369e-12	8.740903801117198e-12
aav2	[10804]	prevalence	crits_christoph	Overall	1.900076439039992e-12	2.3245154844095647e-13	5.692368045982056e-15	6.880582757270846e-14	2.354450647650975e-13	1.03633176472816e-12	5.8365029182862016e-12
aav2	[10804]	prevalence	rothman	ESC	1.834047855777567e-12	1.9393715625091632e-13	1.0651791139204518e-15	4.184861391633072e-14	2.952459028423262e-13	1.4016119001922001e-12	7.303758922196574e-12
aav2	[10804]	prevalence	rothman	HTP	9.405304078228905e-13	1.4233358125796685e-13	9.13388016165821e-16	3.4023319938467245e-14	2.2362235549141e-13	9.644047158345568e-13	4.416665442999541e-12
aav2	[10804]	prevalence	rothman	JWPCP	1.2828670846499356e-12	1.692242434850021e-13	1.1662883027914689e-15	3.881790465645156e-14	2.6250982292700174e-13	1.1852417266808315e-12	5.5885387105673664e-12
aav2	[10804]	prevalence	rothman	NC	1.7409003905171344e-12	1.8496691609504615e-13	1.207679550857042e-15	3.923435352233153e-14	2.974044244369951e-13	1.3208345235575997e-12	7.229820113940003e-12
aav2	[10804]	prevalence	rothman	OC	1.1586142960562465e-12	1.6957169518815866e-13	1.3316119615132285e-15	3.89156190754685e-14	2.6290261589082024e-13	1.1103001707288694e-12	4.980888439028402e-12
aav2	[10804]	prevalence	rothman	PL	1.206073216153705e-12	1.568832720002892e-13	8.551079491737948e-16	3.6413298985432136e-14	2.4234966122012615e-13	1.1526747532496557e-12	5.341633099445229e-12
aav2	[10804]	prevalence	rothman	SB	8.035215041604371e-12	1.606354029012538e-12	3.563218532404891e-14	4.670842579952863e-13	1.9050922220478336e-12	7.097919280971727e-12	3.755660985160173e-11
aav2	[10804]	prevalence	rothman	SJ	1.2198778615770373e-12	1.623337360538362e-13	1.0632825679456884e-15	3.860562188947133e-14	2.505473704199166e-13	1.1441767627731177e-12	5.390767398520596e-12
aav2	[10804]	prevalence	rothman	Overall	9.828706945082482e-13	2.5589296784888187e-13	7.64772875030501e-15	7.63636468028814e-14	3.2860560191843867e-13	1.114282494023292e-12	4.1718206638165434e-12
aav2	[10804]	prevalence	spurbeck	A	1.3495938350537657e-12	1.5797055678169336e-13	8.00329338589054e-16	3.586765390194965e-14	2.5523494108337437e-13	1.1901445433331947e-12	6.351687602503472e-12
aav2	[10804]	prevalence	spurbeck	B	1.6826282429276155e-12	1.943986242072521e-13	7.872267153585244e-16	4.456402258235751e-14	3.3770781381054675e-13	1.499279163838514e-12	7.585859930642259e-12
aav2	[10804]	prevalence	spurbeck	C	2.2356970775656963e-11	1.1214509689443697e-11	1.2962763176993555e-12	5.1532764840961175e-12	1.1741625565268403e-11	2.6740702288714618e-11	7.379045508386024e-11
aav2	[10804]	prevalence	spurbeck	D	4.486459364617821e-11	2.5068514688857573e-11	3.4479817615332357e-12	1.1972252208025781e-11	2.656139261540387e-11	5.535061865913077e-11	1.4213126576879343e-10
aav2	[10804]	prevalence	spurbeck	E	1.8581216644324715e-12	2.0889532282689806e-13	9.537118335633182e-16	4.5288900714866445e-14	3.465112037813243e-13	1.5557723652584673e-12	9.097245812676754e-12
aav2	[10804]	prevalence	spurbeck	F	4.353449964353759e-10	3.194712192373987e-10	7.903446275550513e-11	1.9085114921495767e-10	3.3739530855952094e-10	5.599270874642491e-10	1.0973994319494944e-09
aav2	[10804]	prevalence	spurbeck	G	7.087203137003216e-10	5.361773274920448e-10	1.4654030033599545e-10	3.3180295634554887e-10	5.531847938338616e-10	8.912233675057131e-10	1.7829322415923347e-09
aav2	[10804]	prevalence	spurbeck	H	1.685122567984979e-09	1.231435780098588e-09	3.1591808981484255e-10	7.551707342743423e-10	1.2613870557439819e-09	2.100157370196427e-09	4.366674548711679e-09
aav2	[10804]	prevalence	spurbeck	I	2.0677302064011867e-12	2.464126935258461e-13	1.079825870445742e-15	5.60433637796505e-14	4.0984363744864516e-13	1.836464035029794e-12	9.594528335014136e-12
aav2	[10804]	prevalence	spurbeck	J	2.0631030229520746e-12	2.108144849775623e-13	7.394391083226868e-16	4.9127036929896164e-14	3.6384511511824536e-13	1.7160593658998544e-12	8.738503687357536e-12
aav2	[10804]	prevalence	spurbeck	Overall	2.4043405175153155e-11	8.468501405898068e-12	7.163203986209373e-13	3.595166265977008e-12	8.910097945887227e-12	2.135395201148116e-11	7.411161648907782e-11
hpv	[10566]	incidence	crits_christoph	Berkeley	1.3434341310928425e-09	1.834180556663361e-11	2.26400419401618e-14	2.568731853847319e-12	3.601314152916166e-11	2.4361189090295386e-10	2.338733617568069e-09
hpv	[10566]	incidence	crits_christoph	Marin	3.924030547360048e-10	1.617729725342291e-11	2.0772236359901497e-14	2.255588190617147e-12	3.015518481698808e-11	2.1526098728880946e-10	1.65542151413111e-09
hpv	[10566]	incidence	crits_christoph	Oakland	3.940359769228004e-10	1.4841265429018537e-11	1.7932175384102293e-14	2.445646631376132e-12	2.940679070766136e-11	1.8163940271304609e-10	1.4426139082131136e-09
hpv	[10566]	incidence	crits_christoph	SF	1.0911799204704207e-09	1.9503919136601544e-11	2.3424289758645924e-14	2.7105238499311803e-12	3.616540677757818e-11	2.2675343481524876e-10	2.3105732537718675e-09
hpv	[10566]	incidence	crits_christoph	Overall	6.984846814036346e-10	2.6450507407374944e-11	2.125008752151629e-14	5.909633761951498e-12	4.519459473348314e-11	2.2543965196829712e-10	1.6860401412018518e-09
hpv	[10566]	incidence	rothman	ESC	2.7489435526414806e-10	3.016071011334065e-11	2.422315947854844e-13	6.4157912797534435e-12	3.959841295046153e-11	2.4190744063256907e-10	1.006960522051287e-09
hpv	[10566]	incidence	rothman	HTP	1.8549597056560149e-10	2.463717763879171e-11	1.6759775684744557e-13	5.090591735922682e-12	3.6713083386096436e-11	1.8165120016753802e-10	8.162683067107534e-10
hpv	[10566]	incidence	rothman	JWPCP	2.0745315602934287e-10	2.7181073470004728e-11	2.1812134963045694e-13	5.803673603780231e-12	3.739568260803904e-11	2.0336229412822484e-10	8.626977274161565e-10
hpv	[10566]	incidence	rothman	NC	2.483754049605054e-10	3.011675481789827e-11	2.57474652340306e-13	6.154145439939648e-12	4.0049944635717414e-11	2.1793483453306127e-10	9.948585107768e-10
hpv	[10566]	incidence	rothman	OC	1.9997182351271e-10	2.6368460172708153e-11	1.8288923635532772e-13	5.384136647728729e-12	3.597434060929245e-11	2.0367454613648786e-10	8.818532331719163e-10
hpv	[10566]	incidence	rothman	PL	2.0528682553352322e-10	2.7266014209317566e-11	2.5769786010771297e-13	5.546144904855019e-12	3.48088217576668e-11	1.9420908496682512e-10	8.934731751933121e-10
hpv	[10566]	incidence	rothman	SB	2.460085328009714e-10	3.0266785099394075e-11	2.482063870834162e-13	6.068941639499071e-12	4.0567107360217795e-11	2.3310771078952396e-10	9.71492223486343e-10
hpv	[10566]	incidence	rothman	SJ	1.983703396627082e-10	2.654304630064571e-11	2.1399642586000182e-13	5.705270202608285e-12	3.659131563528991e-11	1.9525073187428169e-10	9.192581423298717e-10
hpv	[10566]	incidence	rothman	Overall	1.7106359711751525e-10	3.4032579267972986e-11	7.098154805246452e-13	8.550387367791323e-12	3.9071325961696436e-11	1.777174676447654e-10	7.930277252192653e-10
hpv	[10566]	incidence	spurbeck	A	4.5726613520229975e-11	7.674986951137329e-12	7.36610685004576e-14	1.962421431527903e-12	1.1303446170520746e-11	4.946114085306966e-11	1.7779164390323466e-10
hpv	[10566]	incidence	spurbeck	B	5.7251694590463756e-11	8.241736726480336e-12	6.764222006221702e-14	2.034508250906821e-12	1.2967445800693719e-11	5.35809919745738e-11	2.3052875900865957e-10
hpv	[10566]	incidence	spurbeck	C	5.89158839285215e-11	8.523185200004605e-12	8.376826397278424e-14	2.2444009092965085e-12	1.2802435767792074e-11	5.2999927449713026e-11	2.0495018667913133e-10
hpv	[10566]	incidence	spurbeck	D	6.264493986796085e-11	8.773693356537196e-12	8.071040827119952e-14	2.3400300368012154e-12	1.3158806007167861e-11	5.435723108267517e-11	2.325922208743203e-10
hpv	[10566]	incidence	spurbeck	E	5.205300497302677e-11	8.514218723543102e-12	7.519319308433402e-14	2.0332988635247382e-12	1.2556109567286803e-11	5.387761809922841e-11	2.171353353346573e-10
hpv	[10566]	incidence	spurbeck	F	5.0830496789832066e-11	8.2864130797655e-12	9.311604325456275e-14	1.9805677253640174e-12	1.2068389997017757e-11	5.182593442342474e-11	2.0095088179680034e-10
hpv	[10566]	incidence	spurbeck	G	5.422684918811679e-11	8.246728090049945e-12	8.641509679031395e-14	2.0397954228054652e-12	1.217145166706674e-11	5.30216526503136e-11	1.91236519335681e-10
hpv	[10566]	incidence	spurbeck	H	5.504029332294047e-11	7.967567858281184e-12	7.575561462347756e-14	1.951430471644722e-12	1.1961342230375512e-11	5.18869374756574e-11	2.0647859684128126e-10
hpv	[10566]	incidence	spurbeck	I	5.451858095811332e-11	8.625356237107396e-12	1.0318006671533725e-13	2.0992251076564166e-12	1.247576383582249e-11	5.405144374956848e-11	2.1074064930088743e-10
hpv	[10566]	incidence	spurbeck	J	5.377199855844155e-11	8.150374410157662e-12	7.909290508602163e-14	1.907892483719397e-12	1.1782413062252063e-11	5.434578192421914e-11	1.8948961688226908e-10
hpv	[10566]	incidence	spurbeck	Overall	3.376185452391638e-11	9.350874905576388e-12	2.0787003928671292e-13	2.8557273205784067e-12	1.2348974817402265e-11	4.5701617758051724e-11	1.183023556592735e-10
ebv	[10376]	prevalence	crits_christoph	Berkeley	3.0371382097007965e-12	1.458896643061567e-13	9.05188953666083e-16	2.7601578148639056e-14	2.0408366486428408e-13	1.0514556822456851e-12	9.737747741297033e-12
ebv	[10376]	prevalence	crits_christoph	Marin	1.3687534621154908e-12	1.2675581936588993e-13	6.667187152427868e-16	2.747303144305583e-14	1.8722074627648248e-13	9.18891043345816e-13	6.039518199358642e-12
ebv	[10376]	prevalence	crits_christoph	Oakland	5.349106544800469e-12	1.0968397939783154e-13	7.896112493536145e-16	2.1650379572230792e-14	1.6332570000855538e-13	7.328223442340265e-13	4.695648052925026e-12
ebv	[10376]	prevalence	crits_christoph	SF	3.830906926372386e-12	1.5522606909684196e-13	8.641127355578446e-16	3.085897038804524e-14	2.0589754692998914e-13	1.0827005245021464e-12	9.768123829410584e-12
ebv	[10376]	prevalence	crits_christoph	Overall	1.726911393249138e-12	1.936851107351225e-13	2.803439908026789e-15	4.8152565070712565e-14	2.521037937835739e-13	9.985469791847773e-13	5.567393448667526e-12
ebv	[10376]	prevalence	rothman	ESC	8.009500329955819e-13	4.266466643128248e-14	2.5034052216188085e-16	7.614699332071111e-15	5.98754522138428e-14	3.119729973941316e-13	2.9628815654439537e-12
ebv	[10376]	prevalence	rothman	HTP	2.6105825320118407e-13	2.854407985745883e-14	2.1965783427229226e-16	6.544588579091425e-15	3.76314244900895e-14	1.8461502163051252e-13	1.2111434211094903e-12
ebv	[10376]	prevalence	rothman	JWPCP	3.4058271405881505e-13	3.0526870180605046e-14	1.6622937301288934e-16	5.804682975115135e-15	4.449281262929037e-14	2.429464368791705e-13	1.5471938014323442e-12
ebv	[10376]	prevalence	rothman	NC	5.385340906391847e-13	4.294849679012585e-14	3.0118506364430784e-16	8.766699504297655e-15	5.981216169396175e-14	2.947530027444964e-13	2.4442610602719027e-12
ebv	[10376]	prevalence	rothman	OC	2.561595643281875e-12	3.52812360851804e-13	4.422793132161311e-15	7.874563372374418e-14	4.226467200785129e-13	2.1800171689387208e-12	1.2585211273380708e-11
ebv	[10376]	prevalence	rothman	PL	3.461183691339959e-13	3.069374472787353e-14	1.802248149394016e-16	6.4414071926597664e-15	4.4503542516875757e-14	2.1846650318619115e-13	1.5997734688124672e-12
ebv	[10376]	prevalence	rothman	SB	5.472169836570365e-13	4.0140465411411755e-14	2.367750616980402e-16	7.752529966344093e-15	5.4359954106733957e-14	2.9818311956255554e-13	2.392620556676002e-12
ebv	[10376]	prevalence	rothman	SJ	3.522570000027831e-13	3.226953488984907e-14	1.996540272369902e-16	6.556614084743028e-15	4.4110301394233493e-14	2.4205973868367327e-13	1.613068497401348e-12
ebv	[10376]	prevalence	rothman	Overall	2.8568859397881567e-13	5.886877731715065e-14	1.6813583912565395e-15	1.5638717434753773e-14	6.852229276493283e-14	2.503897250231032e-13	1.2347795882614077e-12
ebv	[10376]	prevalence	spurbeck	A	2.501391822946289e-13	2.641056748775789e-14	1.5909637306305913e-16	4.9938574046925745e-15	3.98721113314359e-14	2.0965938573224757e-13	1.0184330495654508e-12
ebv	[10376]	prevalence	spurbeck	B	3.1009679046852834e-13	3.0793692162755344e-14	1.9430803250054895e-16	6.358882220661011e-15	4.201612631359359e-14	2.426012763770206e-13	1.2860027179613054e-12
ebv	[10376]	prevalence	spurbeck	C	3.4145427210422603e-13	3.03352548615288e-14	1.672244128093187e-16	5.638388179316004e-15	4.239743922555106e-14	2.5404446024984613e-13	1.3262413049605397e-12
ebv	[10376]	prevalence	spurbeck	D	3.3429885436846793e-13	2.9659262871703875e-14	1.4104799808027596e-16	6.01522258426515e-15	4.2215871791444583e-14	2.581044056172343e-13	1.4021377205303005e-12
ebv	[10376]	prevalence	spurbeck	E	2.624525194180992e-13	2.880389098584057e-14	1.6421449224025526e-16	5.945486960449241e-15	4.4990324010259165e-14	2.289970777591634e-13	1.224284310958149e-12
ebv	[10376]	prevalence	spurbeck	F	3.6226351768317655e-13	3.0984765899296615e-14	1.4899631990363606e-16	5.602881269241047e-15	4.555235897158762e-14	2.6278515304660334e-13	1.294682473489832e-12
ebv	[10376]	prevalence	spurbeck	G	1.9704597735184048e-12	3.55038884903609e-13	4.432796079834371e-15	8.890303318511031e-14	5.329512092913038e-13	1.8746095738881707e-12	8.95107374539484e-12
ebv	[10376]	prevalence	spurbeck	H	3.0103766599804974e-13	2.863108460989567e-14	1.1727187816199401e-16	6.188934798131936e-15	4.490152211453427e-14	2.335951769245026e-13	1.2435147414365197e-12
ebv	[10376]	prevalence	spurbeck	I	3.097697128627938e-13	3.2069256453713e-14	1.5856169496880994e-16	6.860162830067491e-15	4.7469732649830756e-14	2.4998061704852065e-13	1.3404371286995976e-12
ebv	[10376]	prevalence	spurbeck	J	2.918469518818004e-13	2.795760637063506e-14	1.8187259264091976e-16	5.429764249374741e-15	4.1164384117391014e-14	2.2079462666651653e-13	1.210424938357122e-12
ebv	[10376]	prevalence	spurbeck	Overall	1.8909050909885074e-13	4.399026505093188e-14	9.448481622007333e-16	1.2317844112895653e-14	5.517864168210197e-14	1.99964769192343e-13	8.383123626585703e-13
