pathogen	taxids	predictor_type	study	location	count	mean	std	min	5%	25%	50%	75%	95%	max
aav2	10804	prevalence	crits_christoph	Berkeley	4000.0	7.920908819716514e-12	2.379901890506075e-10	7.870836910758613e-22	7.588296328675331e-16	2.6225230377792814e-14	2.2003545245370526e-13	1.2905750991416605e-12	1.1565383370340726e-11	1.4800973610511768e-08
aav2	10804	prevalence	crits_christoph	Marin	4000.0	2.4043759392014584e-12	1.9319734554239874e-11	7.891091318452715e-21	6.423992126865232e-16	2.64500498324745e-14	1.9986473608402712e-13	1.1175195223443122e-12	8.567038308659407e-12	9.765072444195942e-10
aav2	10804	prevalence	crits_christoph	Oakland	4000.0	1.3934883820220647e-12	6.621871259994641e-12	7.244204681070886e-20	6.733480064704078e-16	2.66667721271114e-14	1.8304903903516223e-13	9.553488352923536e-13	5.751086098557261e-12	3.096442642278148e-10
aav2	10804	prevalence	crits_christoph	Overall	4000.0	2.116704142914244e-12	1.4204839827600126e-11	3.845859374331682e-18	2.8454476724678683e-15	4.503716695917461e-14	2.678611704728849e-13	1.252414904245928e-12	7.890840678615719e-12	6.992046518921013e-10
aav2	10804	prevalence	crits_christoph	SF	4000.0	2.788702041740829e-12	1.3528893741242998e-11	2.0203785611929406e-21	6.249400854368703e-16	2.5852902388789122e-14	2.0781477499860997e-13	1.3119131878611197e-12	1.1168379726535101e-11	3.8004320144845803e-10
aav2	10804	prevalence	rothman	ESC	4000.0	1.5794665364630693e-12	8.32821362802255e-12	1.0314533148173977e-20	1.3782582029624308e-15	3.366312027239793e-14	2.0833914761904662e-13	1.018108096944208e-12	5.7366210068468886e-12	3.1689171484123847e-10
aav2	10804	prevalence	rothman	HTP	4000.0	7.265860671865569e-13	1.54223011395318e-12	1.0054356535829374e-20	6.113803753157621e-16	2.207221026720766e-14	1.5841194773611735e-13	7.220552706224359e-13	3.4368733178031575e-12	2.2572060413316777e-11
aav2	10804	prevalence	rothman	JWPCP	4000.0	8.983279712812012e-13	2.1700630437429117e-12	4.066545378030484e-20	1.0609541050764223e-15	2.798087622693232e-14	1.7842112164723758e-13	7.820875341647712e-13	4.30742371220596e-12	4.6637164152791585e-11
aav2	10804	prevalence	rothman	NC	4000.0	1.2553341115271631e-12	3.965538897748397e-12	7.1805332544928705e-22	7.645673114994755e-16	2.56174701286241e-14	1.9402455309608538e-13	9.51554718733943e-13	5.336954342069929e-12	7.967854992558384e-11
aav2	10804	prevalence	rothman	OC	4000.0	8.476131785928134e-13	2.065722095852738e-12	5.2371680213228105e-21	5.570283802111142e-16	2.28901868107113e-14	1.5528636032645698e-13	7.55784015589907e-13	3.775680766145447e-12	3.6807231324989955e-11
aav2	10804	prevalence	rothman	Overall	4000.0	6.813697925884381e-13	1.2649539383754314e-12	4.882417704500151e-18	5.213948688894449e-15	5.040559653493176e-14	2.2429032902524724e-13	7.470279816387784e-13	2.8787473957459407e-12	1.9957790426193513e-11
aav2	10804	prevalence	rothman	PL	4000.0	9.007430127493572e-13	2.4814139230846797e-12	8.621082895573946e-21	8.013173184032066e-16	2.4497853881714505e-14	1.6853180966599983e-13	7.853457652911101e-13	3.999839409205866e-12	6.312744994706223e-11
aav2	10804	prevalence	rothman	SB	4000.0	7.282915012281148e-12	1.6566015425186452e-11	1.140180325351553e-16	2.0904674950485125e-14	3.2039194121193646e-13	1.6075920370610757e-12	6.298264610856965e-12	3.241213598851574e-11	3.174740788938437e-10
aav2	10804	prevalence	rothman	SJ	4000.0	8.772870136038126e-13	2.4376181613461267e-12	3.19984712843341e-20	5.537047206912481e-16	2.3656742159996327e-14	1.5549156838042275e-13	7.485385924644645e-13	4.02063510139934e-12	8.368664424484944e-11
aav2	10804	prevalence	spurbeck	A	4000.0	1.3270416762539532e-12	3.080056047096925e-12	4.428575812710617e-20	1.2807927069302842e-15	4.5519610834036886e-14	3.0164283184657724e-13	1.223826643601419e-12	5.8426826980113e-12	5.666926889188807e-11
aav2	10804	prevalence	spurbeck	B	4000.0	1.7091356588569193e-12	4.270763526470077e-12	6.213197445009206e-23	8.786828432055743e-16	5.67329936915861e-14	3.33314874644534e-13	1.4789128908925174e-12	7.995415109675615e-12	9.968091325176206e-11
aav2	10804	prevalence	spurbeck	C	4000.0	2.2341052614205855e-11	3.963246697725433e-11	7.17933254781475e-14	1.1825655331646847e-12	4.977949045136826e-12	1.1792173225186733e-11	2.573992561930734e-11	7.479862440670125e-11	9.13862687461922e-10
aav2	10804	prevalence	spurbeck	D	4000.0	4.3078496378104154e-11	5.6557960051999896e-11	1.512123729671192e-13	3.649332965869239e-12	1.2772495983126833e-11	2.6787027637038578e-11	5.248654833187218e-11	1.3467668943910998e-10	1.2788714984063673e-09
aav2	10804	prevalence	spurbeck	E	4000.0	2.0366822449292555e-12	6.09512447189333e-12	1.6361574907278735e-20	9.999714637685847e-16	6.158324243733319e-14	4.137861582447816e-13	1.7980004753674359e-12	9.02056924051426e-12	2.3197927562017035e-10
aav2	10804	prevalence	spurbeck	F	4000.0	4.55965723615171e-10	5.088696094331491e-10	6.241132952071104e-12	7.702679560202057e-11	1.8732078528586764e-10	3.321840814188432e-10	5.6575331231182e-10	1.1869654046349244e-09	1.1480131174006713e-08
aav2	10804	prevalence	spurbeck	G	4000.0	7.011295747126906e-10	5.983507502681518e-10	5.094660813201313e-12	1.3967281271838223e-10	3.2548948953144673e-10	5.482404078707364e-10	8.921267618313408e-10	1.7326928800045306e-09	8.421793480668757e-09
aav2	10804	prevalence	spurbeck	H	4000.0	1.7097636090509098e-09	1.6248246964794803e-09	3.368100312058358e-11	3.10775913640356e-10	7.425369595239952e-10	1.266507917435931e-09	2.1278402157028767e-09	4.435425690746425e-09	1.9335947754320776e-08
aav2	10804	prevalence	spurbeck	I	4000.0	2.3158907315716674e-12	5.797912257928095e-12	6.879189526010805e-21	1.3033663311684509e-15	6.241847651493863e-14	4.1844051513239857e-13	2.0730102236386085e-12	1.0465218112064655e-11	1.1879442766447192e-10
aav2	10804	prevalence	spurbeck	J	4000.0	1.896087803417961e-12	4.7749232552122535e-12	7.97073725657816e-22	1.1670428205246793e-15	4.805720819417653e-14	4.0551522176610356e-13	1.7446681081576903e-12	8.812904175846838e-12	1.3211877602742483e-10
aav2	10804	prevalence	spurbeck	Overall	4000.0	2.2190067528995475e-11	5.987682235684165e-11	1.8896813699868383e-14	8.307905639274515e-13	4.000275016064108e-12	9.72593228364651e-12	2.18751445959722e-11	7.325841369272527e-11	1.935885680645118e-09
bkv	1891762	prevalence	crits_christoph	Berkeley	4000.0	2.2040484766068715e-09	2.581778238837032e-08	2.1281728621750974e-14	1.9585838170648145e-12	1.8668114927377115e-11	8.08029173501791e-11	3.5705878848174415e-10	3.478022790529542e-09	1.2221829030885993e-06
bkv	1891762	prevalence	crits_christoph	Marin	4000.0	5.344771801467478e-11	4.228227045132578e-10	1.9919010478385584e-20	3.2213884832704895e-14	1.0337182466207953e-12	5.82563605086545e-12	2.374203828503726e-11	1.5581604731971837e-10	1.9130207864615e-08
bkv	1891762	prevalence	crits_christoph	Oakland	4000.0	1.8977417181119474e-10	1.1650663240185041e-09	1.1065084251938314e-14	2.123963826446151e-12	1.622480259313363e-11	4.8257234191182064e-11	1.3370177749303713e-10	6.174642142470242e-10	6.080048937084818e-08
bkv	1891762	prevalence	crits_christoph	Overall	4000.0	1.2122891080580475e-10	5.589843863786194e-10	1.594873548593232e-14	1.0826460926377743e-12	7.873036318685982e-12	2.5700501208400056e-11	7.797496554913937e-11	4.776975714645112e-10	2.7406389456054267e-08
bkv	1891762	prevalence	crits_christoph	SF	4000.0	1.727814396024982e-10	2.9355188769292535e-09	1.3697879336658957e-18	4.803745524424658e-14	1.7149217808038485e-12	9.468186280722773e-12	3.756942514295138e-11	3.32508081571087e-10	1.3702815034478025e-07
bkv	1891762	prevalence	rothman	ESC	4000.0	1.5327754402900009e-12	3.37902146521308e-12	3.757808308093894e-21	5.9281803736967726e-15	9.976592033709853e-14	5.009383248613471e-13	1.5406917288556796e-12	6.1655888966143776e-12	5.249867743752984e-11
bkv	1891762	prevalence	rothman	HTP	4000.0	1.903120701019028e-12	2.8732249315558124e-12	1.9873762425485336e-16	2.878366395294906e-14	2.5509856131625307e-13	8.538205715219525e-13	2.3225764361014253e-12	7.471252242009311e-12	2.8639970000313142e-11
bkv	1891762	prevalence	rothman	JWPCP	4000.0	1.1539230826675937e-12	1.9272991065236863e-12	3.016101640113007e-21	4.161451651113434e-15	8.910414598206363e-14	4.55710183634539e-13	1.4128077150682312e-12	4.7944044807561794e-12	2.7488369344128405e-11
bkv	1891762	prevalence	rothman	NC	4000.0	1.482342387671672e-12	3.4306443408417015e-12	2.3895571815555054e-19	3.51015145707137e-15	9.099125623822761e-14	4.73739038500986e-13	1.4268346859756012e-12	6.163451133789322e-12	6.737807569212815e-11
bkv	1891762	prevalence	rothman	OC	4000.0	1.126344257190814e-12	2.0808115537200925e-12	2.7191584402490482e-19	4.0520550586633706e-15	8.167840106209329e-14	4.1922365145926746e-13	1.2571474768001675e-12	4.8375300369486735e-12	3.460943516679268e-11
bkv	1891762	prevalence	rothman	Overall	4000.0	1.1077230058109787e-12	1.6754098031885917e-12	4.068137340046273e-17	1.5803703893047594e-14	1.3770567037095174e-13	5.335475750804359e-13	1.4286307522382887e-12	4.136391438908841e-12	1.8604105222401118e-11
bkv	1891762	prevalence	rothman	PL	4000.0	1.1655586644626772e-12	2.1374150327210306e-12	7.687309797696995e-20	4.303616152808164e-15	7.797224757846742e-14	4.0902463371128117e-13	1.282598698093729e-12	4.876857900934312e-12	2.984500753076226e-11
bkv	1891762	prevalence	rothman	SB	4000.0	1.5656509476148672e-12	3.836039858946801e-12	2.2021603714393055e-19	5.668786484353807e-15	9.710870234139119e-14	5.039390394994381e-13	1.554538784960421e-12	6.233866814312272e-12	1.0066020874817453e-10
bkv	1891762	prevalence	rothman	SJ	4000.0	2.7622432100749746e-12	5.090425292894876e-12	6.956713520592456e-17	3.1616164146656574e-14	2.8574207536107407e-13	1.0438521510530909e-12	2.910662896287547e-12	1.1435366089207109e-11	6.296537180066486e-11
bkv	1891762	prevalence	spurbeck	A	4000.0	4.727849937461157e-13	1.1975150182058635e-12	1.4174206100907352e-23	3.170313336143043e-16	1.2089418563412531e-14	8.31417106544752e-14	4.086344700330005e-13	2.1545618665113788e-12	2.115014028763685e-11
bkv	1891762	prevalence	spurbeck	B	4000.0	5.167731608877748e-13	1.3195620170126491e-12	6.09652629993716e-22	2.3683991358287916e-16	1.3015596754503391e-14	9.40701863126719e-14	4.3769617617514785e-13	2.42349379070188e-12	2.8527238217821354e-11
bkv	1891762	prevalence	spurbeck	C	4000.0	8.741050038133433e-13	3.0566189580340213e-12	3.1686485182811334e-22	3.4684074582998738e-16	1.634414872275634e-14	1.176551785564654e-13	5.771253904718221e-13	3.5812451215538904e-12	6.47684890360166e-11
bkv	1891762	prevalence	spurbeck	D	4000.0	8.619404328815693e-13	2.887795393412645e-12	1.222700120001556e-20	2.7380100716239657e-16	1.4700119510688485e-14	1.3022078705793575e-13	6.051915324419488e-13	3.628724028466454e-12	9.466188005807254e-11
bkv	1891762	prevalence	spurbeck	E	4000.0	5.864583252698756e-13	1.5745014756764969e-12	1.961127234880703e-22	2.611207676018712e-16	1.4070329707473268e-14	9.275364571225492e-14	4.663397293625858e-13	2.7192369146970582e-12	3.3437922270167494e-11
bkv	1891762	prevalence	spurbeck	F	4000.0	2.856954697296046e-11	5.1325877793794805e-11	4.466355304332646e-16	5.041933608900667e-13	4.5329597558466874e-12	1.3707794620382441e-11	3.425454970531114e-11	1.00810975333363e-10	1.7000644557235811e-09
bkv	1891762	prevalence	spurbeck	G	4000.0	4.269250939965019e-12	8.98942150834829e-12	1.9124213753597737e-16	1.072326612928198e-13	6.544327725968758e-13	1.874756896542495e-12	4.778054945752707e-12	1.5726618822884472e-11	3.4381529019690824e-10
bkv	1891762	prevalence	spurbeck	H	4000.0	5.0064865845838877e-11	7.868106672946462e-11	8.579727689581921e-15	1.1057226244534905e-12	8.494132892737395e-12	2.5403807798776162e-11	5.981209578475845e-11	1.7834049795191704e-10	1.4912434136901561e-09
bkv	1891762	prevalence	spurbeck	I	4000.0	6.6437600992083e-13	1.8940298409672754e-12	3.3057342938863795e-22	3.0727890527748506e-16	1.468765332172488e-14	1.0911168709477831e-13	5.299624599288208e-13	2.813917482483944e-12	3.676054026671762e-11
bkv	1891762	prevalence	spurbeck	J	4000.0	6.615555708437478e-13	3.817879145599881e-12	7.591331916222656e-23	1.9750526830508856e-16	1.29845112370001e-14	9.75381531858884e-14	4.604095426392796e-13	2.67038491978053e-12	2.0846257627518387e-10
bkv	1891762	prevalence	spurbeck	Overall	4000.0	9.34367930392946e-13	1.6571453766651388e-12	1.3579053845489365e-16	2.640767895213361e-14	1.4286140314209095e-13	4.2570584643812427e-13	1.0758447979249111e-12	3.3993219424133135e-12	4.1349661349783354e-11
cmv	10359	prevalence	crits_christoph	Berkeley	4000.0	8.240091952360388e-12	2.4548496335565837e-10	2.5777845864657214e-21	7.552849834319573e-16	2.882204278845255e-14	2.2905312747756745e-13	1.3755214715578864e-12	1.2545027952503563e-11	1.5384679666650623e-08
cmv	10359	prevalence	crits_christoph	Marin	4000.0	1.9296914342704373e-12	7.44706260039381e-12	6.935482067654935e-20	7.786998149105545e-16	2.6833398131624523e-14	1.9533145902582532e-13	1.155770322796956e-12	8.415687798726911e-12	2.473618741345591e-10
cmv	10359	prevalence	crits_christoph	Oakland	4000.0	1.4858753648217042e-12	6.363004466937992e-12	9.223165986138227e-21	8.1575837797856e-16	2.3732988468623542e-14	1.7771291175642074e-13	9.591791740877927e-13	6.721201464720643e-12	2.9088580479786274e-10
cmv	10359	prevalence	crits_christoph	Overall	4000.0	2.4668774711172823e-12	2.3411298253647616e-11	7.477751816473154e-18	2.9042123417483637e-15	5.142915549814844e-14	2.5849329921617764e-13	1.2170674101397055e-12	8.299541180094008e-12	1.3550863058199257e-09
cmv	10359	prevalence	crits_christoph	SF	4000.0	2.7966721380336164e-12	1.3238929941847176e-11	1.7186150187060902e-21	7.751047044823976e-16	2.9108095284065086e-14	2.1730389634626137e-13	1.3127805508031277e-12	1.1517718411692173e-11	4.4536764093887e-10
cmv	10359	prevalence	rothman	ESC	4000.0	1.477751509840961e-12	6.769658011622665e-12	1.0787896275426059e-19	1.941441179612366e-15	4.368093582102731e-14	1.4916739821384576e-13	7.522211358222529e-13	5.1708502877334856e-12	1.4692181999428962e-10
cmv	10359	prevalence	rothman	HTP	4000.0	8.599118342452579e-13	2.4409478498158287e-12	1.3857735873220163e-18	1.9993941720225317e-15	4.25005043891482e-14	1.8665774604486336e-13	6.362124303978003e-13	3.6258228724492497e-12	3.280385918938683e-11
cmv	10359	prevalence	rothman	JWPCP	4000.0	8.741658519300773e-13	2.374225764656676e-12	8.53036074514157e-19	1.9342938819066912e-15	3.963188070422732e-14	1.4956321871469418e-13	6.753709379242614e-13	3.722507729682556e-12	4.493335488563274e-11
cmv	10359	prevalence	rothman	NC	4000.0	1.274533674871692e-12	3.651407660499304e-12	1.0710323938639211e-19	2.0969449923113143e-15	4.650055066354166e-14	1.4392777397112475e-13	7.487014256911915e-13	6.371774114778783e-12	5.3514164570114357e-11
cmv	10359	prevalence	rothman	OC	4000.0	1.1287978151694933e-12	2.390101203419616e-12	1.640247361303948e-18	1.925394393020501e-15	3.990357850995158e-14	2.5674016996497653e-13	1.2811450423675585e-12	4.275039539177906e-12	4.344696226025498e-11
cmv	10359	prevalence	rothman	Overall	4000.0	7.13883055393703e-13	1.4872095418264277e-12	7.705190849371741e-18	5.549886356477049e-15	6.327719391105028e-14	2.6683225341760507e-13	6.541756351646734e-13	2.8410425180671125e-12	2.2409063946846934e-11
cmv	10359	prevalence	rothman	PL	4000.0	9.095199077498074e-13	2.5898594809874388e-12	2.4599295932566026e-18	2.5422178894797708e-15	4.373588645194457e-14	2.193390436443974e-13	6.020710526282039e-13	3.72150381450178e-12	5.015641177447577e-11
cmv	10359	prevalence	rothman	SB	4000.0	1.2474565293246945e-12	4.088819496918978e-12	6.948269987746761e-19	1.3583642088197038e-15	3.6734428510342704e-14	1.898280777769985e-13	7.597682142333496e-13	6.1043086002854406e-12	1.1075020104432168e-10
cmv	10359	prevalence	rothman	SJ	4000.0	1.0138093875565574e-12	2.4797032524421016e-12	2.006111185084581e-19	2.0523326609181953e-15	4.665791690192046e-14	1.5213439809985538e-13	7.50261393330773e-13	4.8673182876380036e-12	3.232599525336603e-11
cmv	10359	prevalence	spurbeck	A	4000.0	1.5688664719772962e-12	3.4620951783770432e-12	5.817659099565505e-17	1.5139578005411582e-14	1.4247173325877014e-13	4.950855556097483e-13	1.579267412785666e-12	6.572882005453302e-12	7.714247797353928e-11
cmv	10359	prevalence	spurbeck	B	4000.0	6.25948429348993e-13	1.4652801273345715e-12	8.866450804764455e-20	1.1745734363649254e-15	3.4489672028033115e-14	1.649108383022591e-13	5.530515273078421e-13	2.701883624913201e-12	2.5027727353267174e-11
cmv	10359	prevalence	spurbeck	C	4000.0	7.457172295198988e-13	1.8185297852463497e-12	1.1021885154994742e-18	1.6629039526985846e-15	3.816815429818882e-14	1.8057190949606044e-13	6.839580766531881e-13	3.1340188689540603e-12	3.653859926244242e-11
cmv	10359	prevalence	spurbeck	D	4000.0	7.421139440987226e-13	1.856877421815861e-12	7.93623990268372e-20	1.3712463197571206e-15	3.691564319720215e-14	1.906806067642079e-13	6.650752728972731e-13	3.060982787672231e-12	3.308157611680601e-11
cmv	10359	prevalence	spurbeck	E	4000.0	7.38321213478171e-13	1.885150289318124e-12	2.70299113015013e-19	1.3754876437257297e-15	3.765239660572094e-14	1.8133660754613333e-13	6.481418598708278e-13	3.172574450964617e-12	3.822516447573434e-11
cmv	10359	prevalence	spurbeck	F	4000.0	8.168051032673666e-13	2.1210051654406954e-12	3.31898573747724e-19	1.4918746704837483e-15	3.845301786953758e-14	1.8812480397334794e-13	6.82988287537539e-13	3.5507293516471813e-12	3.8854512150847933e-11
cmv	10359	prevalence	spurbeck	G	4000.0	6.645752897866184e-13	1.4901947116076545e-12	4.2070854869922307e-19	1.194755913221898e-15	3.137129376181196e-14	1.7296555108925477e-13	6.068483626735904e-13	2.8167061181408247e-12	1.894055030837807e-11
cmv	10359	prevalence	spurbeck	H	4000.0	4.8246804158299515e-12	9.032301501682961e-12	1.4240257440345135e-17	2.7796060843880777e-14	2.55366981762398e-13	1.2554593621662621e-12	5.218343285990106e-12	2.102268237788688e-11	1.0009715466420599e-10
cmv	10359	prevalence	spurbeck	I	4000.0	7.388265990058953e-13	1.887512660134015e-12	1.3722758201207413e-21	1.3249118556819623e-15	3.6201853136694165e-14	1.7130544299332684e-13	6.398868622208287e-13	3.1415451326801548e-12	3.408599066358555e-11
cmv	10359	prevalence	spurbeck	J	4000.0	6.684248983462911e-13	1.990076574780245e-12	1.4093868436952695e-19	1.426304276744036e-15	3.7110333720372837e-14	1.7459710394125306e-13	6.221139366188373e-13	2.697008897229283e-12	8.687148753805635e-11
cmv	10359	prevalence	spurbeck	Overall	4000.0	5.435875242702815e-13	9.892870524472262e-13	9.379090372315908e-17	9.239001115455835e-15	6.922689214713953e-14	2.350021821877758e-13	6.35463035879538e-13	2.0453072428709596e-12	2.7299419941775988e-11
ebv	10376	prevalence	crits_christoph	Berkeley	4000.0	3.8520836198395045e-12	4.309585483829616e-11	2.0272284486485073e-20	4.3102775370238937e-16	1.8676287821887156e-14	1.459890037972448e-13	8.894544885252331e-13	8.222249571991747e-12	1.8332669090760183e-09
ebv	10376	prevalence	crits_christoph	Marin	4000.0	1.4776229645485126e-12	1.1132565581808656e-11	1.8702673233950917e-20	2.635189212235767e-16	1.6225113485270266e-14	1.1984189380429898e-13	7.626158900542198e-13	5.928964666850018e-12	6.099548804499631e-10
ebv	10376	prevalence	crits_christoph	Oakland	4000.0	1.006110469767808e-12	5.0691997359388885e-12	4.306136267382232e-20	3.251269350518884e-16	1.668635463417455e-14	1.1295379917463724e-13	5.818917973093418e-13	4.255570223786843e-12	2.511501957100843e-10
ebv	10376	prevalence	crits_christoph	Overall	4000.0	1.7565079870485648e-12	1.3548273631615465e-11	4.3846334277299676e-18	1.497634188462261e-15	3.196634391033686e-14	1.7747022793049152e-13	8.28015479388953e-13	5.507452486457037e-12	5.546798857636012e-10
ebv	10376	prevalence	crits_christoph	SF	4000.0	5.370421110829749e-12	1.3148957761761087e-10	7.182475788927265e-20	3.885494337551881e-16	1.7738779109545126e-14	1.2974115499399694e-13	8.56552045878746e-13	8.390400007962107e-12	7.060849677957898e-09
ebv	10376	prevalence	rothman	ESC	4000.0	7.004748699622112e-13	3.0478211558084583e-12	6.518014177882309e-20	4.220813410876554e-16	1.433357580732081e-14	9.679550383515236e-14	3.6158426906746257e-13	2.71086678419665e-12	1.1367273862025624e-10
ebv	10376	prevalence	rothman	HTP	4000.0	2.9289170580508947e-13	7.704104571470921e-13	4.644613380454923e-21	3.0036736785922874e-16	9.824718842979602e-15	6.263245210723557e-14	2.5462938003375414e-13	1.231717314885415e-12	1.8087779749921584e-11
ebv	10376	prevalence	rothman	JWPCP	4000.0	3.955786421264901e-13	1.1523216292713297e-12	3.621817602228446e-20	3.2095314839538345e-16	1.095855076730538e-14	8.109838683038061e-14	3.164309855566751e-13	1.6621914015031475e-12	2.8972867906789624e-11
ebv	10376	prevalence	rothman	NC	4000.0	5.434029686726687e-13	1.7365089797882946e-12	1.1322769858618927e-19	3.4775137721625795e-16	1.2251301480369005e-14	8.554018887254328e-14	3.252511201293622e-13	2.487440540965956e-12	4.290129496682092e-11
ebv	10376	prevalence	rothman	OC	4000.0	2.3764946261699165e-12	5.5677346057351146e-12	4.529763828935639e-18	4.353768727533231e-15	1.0463935197287381e-13	4.1959387187782763e-13	2.0686391470516442e-12	1.0339552831517074e-11	7.356041855517626e-11
ebv	10376	prevalence	rothman	Overall	4000.0	3.3496222568749356e-13	7.296518648227215e-13	9.122836447785696e-18	2.0941393636508655e-15	2.2365561060055464e-14	1.0259673218998322e-13	3.0070388031334623e-13	1.4068884114003906e-12	9.978892294309294e-12
ebv	10376	prevalence	rothman	PL	4000.0	3.568913370920462e-13	8.549787827800345e-13	9.682694782050399e-20	3.232570613519953e-16	1.0303931129423209e-14	6.995396307113219e-14	2.9504982872763414e-13	1.6651501056871162e-12	1.1190510291771947e-11
ebv	10376	prevalence	rothman	SB	4000.0	5.908795349580205e-13	2.013169589574647e-12	2.382487131373585e-20	3.4560652259364676e-16	1.2962917370978903e-14	9.533461850973092e-14	3.290968603005112e-13	2.4442787242448037e-12	3.6700492939584764e-11
ebv	10376	prevalence	rothman	SJ	4000.0	3.8819670712329403e-13	1.1273846239920782e-12	9.335272260099446e-21	3.1945546281926014e-16	1.0252818483762246e-14	7.602821868689043e-14	2.7720698460965546e-13	1.7538943692110603e-12	3.3492914797081967e-11
ebv	10376	prevalence	spurbeck	A	4000.0	2.6121075298521525e-13	7.06690323530575e-13	9.237885098990665e-24	3.4536211117281397e-16	9.341548214901401e-15	5.551784704930679e-14	2.459246873827776e-13	1.1502218227802915e-12	1.9566763611168783e-11
ebv	10376	prevalence	spurbeck	B	4000.0	2.695615898402226e-13	6.764139029947585e-13	1.8535462386283462e-20	4.426830080413566e-16	8.978860056902585e-15	5.948806185921244e-14	2.610905117197086e-13	1.1777767121400292e-12	1.4894210622633213e-11
ebv	10376	prevalence	spurbeck	C	4000.0	3.6298443881998505e-13	1.360053970077644e-12	3.116074861821753e-19	4.794594168210471e-16	9.961460064578923e-15	6.46241386159972e-14	2.721809656450202e-13	1.5713341504708295e-12	4.547302473077346e-11
ebv	10376	prevalence	spurbeck	D	4000.0	3.4701663319321977e-13	1.0574413873269427e-12	1.079036919014995e-20	3.077280277065071e-16	9.119380364362945e-15	6.211259863204248e-14	2.658584321929817e-13	1.3980171587668379e-12	2.1607233000600616e-11
ebv	10376	prevalence	spurbeck	E	4000.0	3.170448921566976e-13	9.870005536291272e-13	3.3511898968363863e-22	3.479493967338441e-16	9.274712557508204e-15	5.837956208207582e-14	2.5212387093150913e-13	1.3599166475296548e-12	1.827297449250861e-11
ebv	10376	prevalence	spurbeck	F	4000.0	3.46150685684573e-13	1.0186454267100573e-12	2.5767782810750005e-21	3.2384732166219133e-16	1.006542152059261e-14	6.378509966007239e-14	2.795085851343049e-13	1.4417533103809053e-12	2.2187095726231923e-11
ebv	10376	prevalence	spurbeck	G	4000.0	2.048291152561277e-12	4.012720074025312e-12	2.818756502374554e-17	5.717001268785291e-15	9.915314687513129e-14	5.21728996346681e-13	2.039249010407553e-12	9.462722166458401e-12	5.020654487916826e-11
ebv	10376	prevalence	spurbeck	H	4000.0	3.125483228237114e-13	1.0235003945388184e-12	9.146407211453722e-21	3.27927598708435e-16	9.998983615832725e-15	6.32911712538455e-14	2.616277346464902e-13	1.2162057566947405e-12	2.933442469418529e-11
ebv	10376	prevalence	spurbeck	I	4000.0	3.0410157882320273e-13	8.356605886942631e-13	2.523378840634016e-20	4.127944170163119e-16	1.0654257265385559e-14	5.901313401779758e-14	2.606512324026964e-13	1.2645633220683305e-12	1.5517069851696504e-11
ebv	10376	prevalence	spurbeck	J	4000.0	3.0863120090953805e-13	9.046896066004284e-13	1.0656260885070212e-24	4.077140208634805e-16	1.0137317395474133e-14	5.940153992488613e-14	2.7331940579814083e-13	1.2518467720998603e-12	1.5567779469842622e-11
ebv	10376	prevalence	spurbeck	Overall	4000.0	2.033528879807867e-13	4.3292313320972777e-13	1.1548216564714926e-17	1.6827925217114765e-15	1.695301799020312e-14	7.746513266830856e-14	2.422164828903212e-13	7.95257651546945e-13	1.4745114999996e-11
hiv	11676	prevalence	crits_christoph	Berkeley	4000.0	3.6913523368222986e-09	3.5002445863436036e-08	3.861314697750224e-16	1.44937400698328e-12	7.201752995781543e-11	4.658941919692923e-10	1.9206920737409543e-09	1.1295493278773174e-08	1.9272443560232328e-06
hiv	11676	prevalence	crits_christoph	Marin	4000.0	1.6665085371887783e-09	5.0205249684022e-09	9.072715516414011e-18	1.4740221448763842e-12	5.4614378475086286e-11	3.5960897079226116e-10	1.4320743303880108e-09	6.985109915849664e-09	1.4565907041268984e-07
hiv	11676	prevalence	crits_christoph	Oakland	4000.0	1.2051374030253987e-09	3.0447604666698382e-09	1.2541452019481642e-16	1.0588702356259699e-12	4.075358727739005e-11	2.6836519138542087e-10	1.113771409632445e-09	5.310456671055606e-09	5.5461166172018326e-08
hiv	11676	prevalence	crits_christoph	Overall	4000.0	2.716532736612513e-09	1.217753993959431e-08	1.127288995172715e-13	1.4703184590408015e-11	1.8228459528184172e-10	6.827785755004854e-10	2.0272026703013736e-09	9.103838220761828e-09	4.378226352036528e-07
hiv	11676	prevalence	crits_christoph	SF	4000.0	1.7078815096473804e-08	1.0758738768764842e-07	9.837388409672198e-14	7.086565157575595e-11	9.416941582112666e-10	3.798820060146843e-09	1.2964352183410019e-08	5.6276642676007234e-08	5.937834924772814e-06
hiv	11676	prevalence	rothman	ESC	4000.0	3.3623963765985835e-10	9.862324686285385e-10	5.159244315562379e-18	2.473996580465619e-13	8.315266605940911e-12	5.578246482507872e-11	2.375326084694785e-10	1.4886910235179083e-09	1.4475408158987444e-08
hiv	11676	prevalence	rothman	HTP	4000.0	1.831293441655812e-10	4.2921176920149793e-10	3.223203238931448e-17	2.7507839302934167e-13	6.482692952451156e-12	3.996012676049507e-11	1.670151102670515e-10	8.249833416000188e-10	7.51136546440243e-09
hiv	11676	prevalence	rothman	JWPCP	4000.0	2.2133972607419225e-10	5.187915466860501e-10	1.968149817485508e-17	3.539767027224813e-13	7.891428441350236e-12	4.577047407448077e-11	2.0234969546567644e-10	1.043519425571309e-09	7.64583935348953e-09
hiv	11676	prevalence	rothman	NC	4000.0	3.0463141590007695e-10	1.0231654094215622e-09	1.5249304108568487e-16	3.2883035445846556e-13	8.014353183684799e-12	4.963616721221261e-11	2.2015271207819302e-10	1.3349555894654353e-09	3.127627293775666e-08
hiv	11676	prevalence	rothman	OC	4000.0	7.055434831462146e-10	1.4183687808736637e-09	3.288232330671757e-15	3.5713270261725097e-12	4.968282636514675e-11	1.9571276666083115e-10	7.321818856350035e-10	3.1242967130362794e-09	2.7115355410936088e-08
hiv	11676	prevalence	rothman	Overall	4000.0	1.7504454457137246e-10	3.1839298159829033e-10	4.534592600624119e-15	1.253469819523845e-12	1.2542437263053682e-11	5.6263246762980005e-11	1.873449849381862e-10	7.402768309956294e-10	3.82824417140109e-09
hiv	11676	prevalence	rothman	PL	4000.0	2.107083118955091e-10	4.797508567032503e-10	4.0814013437831875e-20	2.4181790338961124e-13	6.83343873143362e-12	4.301840374257751e-11	1.9135673117637668e-10	9.446208320156189e-10	7.788591553945632e-09
hiv	11676	prevalence	rothman	SB	4000.0	2.8611864076771354e-10	8.345876198467464e-10	2.8182441676304547e-18	3.3007216825197297e-13	8.25544984596974e-12	5.233396195569936e-11	2.3146650381518425e-10	1.2300106696747632e-09	1.9443477557240573e-08
hiv	11676	prevalence	rothman	SJ	4000.0	2.184491841105179e-10	5.034935841209013e-10	2.8344089704498517e-19	2.8607024520487605e-13	7.676014181049747e-12	4.516261831484768e-11	1.8751877911205479e-10	1.0561349114383348e-09	7.687506647588813e-09
hiv	11676	prevalence	spurbeck	A	4000.0	7.503467695828009e-11	2.2064565990199749e-10	1.1832543070185876e-17	6.467180530377159e-14	1.7285292555412567e-12	1.2179278287554047e-11	5.5036156854162645e-11	3.5545144795008e-10	5.1334934656980654e-09
hiv	11676	prevalence	spurbeck	B	4000.0	8.305223770473652e-11	2.7270037995771524e-10	1.1854651206904444e-17	6.56488875626848e-14	1.937770762986004e-12	1.262753855288601e-11	5.7518272673691385e-11	3.6433035360604707e-10	6.488543098657025e-09
hiv	11676	prevalence	spurbeck	C	4000.0	9.231896987845068e-11	3.346958739101424e-10	3.8088975780510405e-20	6.834569164530756e-14	1.9173932303341687e-12	1.2471892904174264e-11	6.092108838797826e-11	3.9604291400581526e-10	8.77973571081594e-09
hiv	11676	prevalence	spurbeck	D	4000.0	8.894708397547124e-11	3.326802874652832e-10	6.769962924747552e-19	7.550802566498186e-14	1.8850343716819223e-12	1.2934816818812503e-11	6.203106318082154e-11	3.8415495347153986e-10	1.1501197755329688e-08
hiv	11676	prevalence	spurbeck	E	4000.0	8.508288959123179e-11	2.598054825947245e-10	1.0459564290682289e-17	6.681542112644197e-14	1.8481338748146727e-12	1.3035620941757278e-11	6.14993512041142e-11	3.8679328459551547e-10	6.190918370682717e-09
hiv	11676	prevalence	spurbeck	F	4000.0	9.455897614462692e-11	3.570958722247815e-10	6.452099177415444e-17	7.169793956845554e-14	1.7940369155013935e-12	1.3487773707486493e-11	5.965490034547742e-11	4.0570803006081044e-10	1.0409781820986615e-08
hiv	11676	prevalence	spurbeck	G	4000.0	8.338089514684818e-11	3.1529266310580927e-10	1.929310709471889e-18	6.788849513148878e-14	1.7620688983408158e-12	1.2130426264215955e-11	6.058442583095574e-11	3.5889843125349415e-10	9.649940042210981e-09
hiv	11676	prevalence	spurbeck	H	4000.0	7.428494328680738e-11	2.0244785851983419e-10	2.1930998184166163e-19	6.645990316039967e-14	1.8044629898527233e-12	1.25747488497623e-11	5.864779118951933e-11	3.5467875685353204e-10	3.5122403832617294e-09
hiv	11676	prevalence	spurbeck	I	4000.0	9.507700868243723e-11	3.4568444627772515e-10	2.589927702416987e-19	7.582235198508225e-14	1.7166034668451922e-12	1.2675740721000008e-11	5.990583327672663e-11	3.7249198681160125e-10	7.076915769021066e-09
hiv	11676	prevalence	spurbeck	J	4000.0	8.990006999460598e-11	2.871036072023479e-10	3.217728953781577e-17	7.953715701816915e-14	1.94647455991899e-12	1.264545424338752e-11	6.283013418982224e-11	3.8574648754280386e-10	6.6319212932863416e-09
hiv	11676	prevalence	spurbeck	Overall	4000.0	4.936706985504074e-11	1.0183825141045457e-10	4.541854731447049e-15	2.1816573909272827e-13	2.8910197057841886e-12	1.3264305757871597e-11	5.048212727686641e-11	2.2120738828221014e-10	1.451515449515079e-09
hpv	10566	incidence	crits_christoph	Berkeley	4000.0	7.103636129414765e-10	4.747738609771295e-09	9.176878908197173e-17	1.3622498522309618e-13	7.475710284731776e-12	5.336130680481806e-11	2.5112907818407073e-10	2.3892515333138677e-09	1.606479723540838e-07
hpv	10566	incidence	crits_christoph	Marin	4000.0	4.403752709101944e-10	3.3194697215635706e-09	1.7312328200299005e-18	1.341569083292883e-13	6.849844699780163e-12	5.417719513164678e-11	2.2643654499789964e-10	1.6271160568163757e-09	1.764266017700272e-07
hpv	10566	incidence	crits_christoph	Oakland	4000.0	2.883758259175563e-10	8.689673544847562e-10	4.799077927737694e-18	1.3298102032978084e-13	7.238737163701664e-12	5.072927487964727e-11	2.000183958868991e-10	1.3858762288497993e-09	2.731394819284372e-08
hpv	10566	incidence	crits_christoph	Overall	4000.0	4.380972374368163e-10	1.7721828369297856e-09	2.284316672104468e-15	5.77635395394482e-13	1.2187538727317699e-11	6.948121016433503e-11	2.5126276794529065e-10	1.7021072707120303e-09	4.148925599801322e-08
hpv	10566	incidence	crits_christoph	SF	4000.0	8.61795806856612e-10	1.0545010222778778e-08	1.1074627065182454e-17	1.5309292867605353e-13	7.876489059792132e-12	6.095745963714948e-11	2.570126601155759e-10	2.4356238540205435e-09	5.772223426426958e-07
hpv	10566	incidence	rothman	ESC	4000.0	2.95888091749181e-10	1.5221250414714778e-09	6.795042429165385e-17	2.827272333490483e-13	5.470380832747298e-12	3.50181793204526e-11	1.6583881221176628e-10	1.1198101111488089e-09	4.2913578665724077e-08
hpv	10566	incidence	rothman	HTP	4000.0	1.5657459864872944e-10	3.9169810363921e-10	7.085526070790515e-17	2.437899025398582e-13	5.335398528516642e-12	2.884577615973131e-11	1.3974528932802408e-10	6.903477506877886e-10	6.719556665748335e-09
hpv	10566	incidence	rothman	JWPCP	4000.0	1.8631767825767462e-10	4.893767101202076e-10	6.743082793438954e-17	3.2366172733514e-13	6.148046877274599e-12	3.552837874080786e-11	1.5089199213126596e-10	8.49697049830631e-10	8.145899354657979e-09
hpv	10566	incidence	rothman	NC	4000.0	2.429574377356991e-10	8.077896223032531e-10	1.1985384834016158e-19	2.1582248723590391e-13	5.54802088543488e-12	3.2837809025577673e-11	1.5594003046584326e-10	1.0406996921061387e-09	1.9503870418072006e-08
hpv	10566	incidence	rothman	OC	4000.0	1.848624103268576e-10	5.573620181912515e-10	2.437700916654524e-16	2.9737750938514974e-13	5.863164683087555e-12	3.2030722177767636e-11	1.4775181086779387e-10	7.998502123675897e-10	1.3007377975794057e-08
hpv	10566	incidence	rothman	Overall	4000.0	1.3436681562816465e-10	2.8864284108301515e-10	1.054416955699335e-14	8.708071757106655e-13	8.466044037930656e-12	3.5310777271007395e-11	1.2993219090657113e-10	6.241577184798981e-10	7.2845389793300815e-09
hpv	10566	incidence	rothman	PL	4000.0	1.8405170187588058e-10	4.849986111963432e-10	1.8479335666994693e-17	3.0638437932136363e-13	6.190636258225258e-12	3.296469109012959e-11	1.5365394463486906e-10	8.381742958821496e-10	8.038282063316927e-09
hpv	10566	incidence	rothman	SB	4000.0	2.2784682989269708e-10	9.613401558352831e-10	2.0770322618022115e-17	2.4413014953207803e-13	5.590749238977791e-12	3.289570027537171e-11	1.6318970625871713e-10	9.099115687996649e-10	4.126703771587782e-08
hpv	10566	incidence	rothman	SJ	4000.0	1.8713639192931237e-10	4.709042534521947e-10	1.7558906184276582e-17	2.7271015533613854e-13	5.625070015769427e-12	3.356575452758644e-11	1.6261471586748404e-10	8.779626016410518e-10	8.771514468810486e-09
hpv	10566	incidence	spurbeck	A	4000.0	4.8074410107429256e-11	1.4251991701790418e-10	4.3811756769337605e-17	5.697057113699211e-14	1.4744050058972884e-12	9.589218870045477e-12	3.9347327059965786e-11	2.067049145715664e-10	3.5941922023173505e-09
hpv	10566	incidence	spurbeck	B	4000.0	6.540146079633886e-11	2.476615957635065e-10	9.857222800979044e-17	6.78528335331839e-14	1.573080972801351e-12	9.63201707003444e-12	4.14220370927566e-11	2.561562840573415e-10	7.6472148561344e-09
hpv	10566	incidence	spurbeck	C	4000.0	5.806773336572927e-11	1.8990623235991403e-10	3.3390782590149976e-17	5.908932206092346e-14	1.6237954731650016e-12	9.832863870306213e-12	4.150473757087277e-11	2.4648558826824455e-10	4.372823333503004e-09
hpv	10566	incidence	spurbeck	D	4000.0	6.137773323119007e-11	2.1652377920757892e-10	1.2303425034580732e-17	4.6678707041905215e-14	1.5026157639521976e-12	9.308749752851479e-12	3.983483834916462e-11	2.4269861850511036e-10	5.5629086754888995e-09
hpv	10566	incidence	spurbeck	E	4000.0	5.815314093953474e-11	2.0595171478517273e-10	1.1352485049839337e-17	5.3071411455174225e-14	1.4758883947326728e-12	9.75197828035329e-12	3.8644524888147296e-11	2.4167751895090906e-10	5.833280521030752e-09
hpv	10566	incidence	spurbeck	F	4000.0	6.543740833351454e-11	2.450631965629038e-10	6.14362036635579e-17	4.527244782959795e-14	1.540616159567886e-12	1.0189170306488148e-11	4.121313027251279e-11	2.7162998497781947e-10	5.9868821185503406e-09
hpv	10566	incidence	spurbeck	G	4000.0	5.643105703750816e-11	2.25372901084131e-10	1.1501702329828263e-16	5.7824332213625e-14	1.3972742644603153e-12	9.190378881978053e-12	4.0901621154389805e-11	2.439682294939433e-10	7.685734507400934e-09
hpv	10566	incidence	spurbeck	H	4000.0	5.644779813779921e-11	1.9927999889906276e-10	1.2470640081481345e-17	6.531535435028398e-14	1.6076768679001031e-12	9.66207448610626e-12	3.920708892661149e-11	2.3151848444632546e-10	7.1120934039202085e-09
hpv	10566	incidence	spurbeck	I	4000.0	5.671235166216399e-11	1.8678517304883804e-10	1.1239206862304253e-18	6.074021168986938e-14	1.6376789869023791e-12	9.848640551945337e-12	4.073377151370126e-11	2.4260126935827493e-10	4.276075315726089e-09
hpv	10566	incidence	spurbeck	J	4000.0	5.96631458525061e-11	1.9696084511907392e-10	2.608114105499547e-17	5.5418005064852386e-14	1.5675359144163922e-12	1.02838576589533e-11	3.963224708491569e-11	2.350869168278376e-10	3.993813240746361e-09
hpv	10566	incidence	spurbeck	Overall	4000.0	3.345721681997885e-11	6.435009273657364e-11	1.1138667131570517e-16	1.4985233360401907e-13	2.3459153495052885e-12	1.0670302475132328e-11	3.499189704723787e-11	1.51975805535511e-10	1.2729312095976433e-09
hsv_1	10298	prevalence	crits_christoph	Berkeley	4000.0	3.5007353328969548e-12	3.856037592985251e-11	2.7241226745501996e-21	1.1320186638739299e-15	3.619193662074794e-14	1.9345673089721999e-13	1.0371204487267344e-12	1.1552482980308022e-11	2.0206381016675738e-09
hsv_1	10298	prevalence	crits_christoph	Marin	4000.0	2.105380697148349e-10	1.288940429480331e-08	9.244886907666951e-22	1.0765388553756492e-15	3.373854919722669e-14	2.30168751762836e-13	1.0089831918117192e-12	1.0595830413132435e-11	8.150249789636738e-07
hsv_1	10298	prevalence	crits_christoph	Oakland	4000.0	1.499560171602925e-12	9.673516531641786e-12	3.6327336468929153e-22	8.560314433700309e-16	3.353309182678234e-14	1.9531996580979671e-13	8.254716004970546e-13	6.338177540942905e-12	5.576352882276411e-10
hsv_1	10298	prevalence	crits_christoph	Overall	4000.0	2.4059463083392938e-12	2.6236060071442205e-11	2.4625602895043446e-18	4.214282444343337e-15	5.2788413311700435e-14	3.001743526890199e-13	1.0758518223791975e-12	7.600793948277921e-12	1.5060080345743489e-09
hsv_1	10298	prevalence	crits_christoph	SF	4000.0	2.717548433257172e-12	1.535936616148975e-11	8.257566007276849e-21	1.2372752546579234e-15	3.475848891010716e-14	2.588499560682198e-13	1.2046337028206596e-12	9.588776432208372e-12	6.965041085467461e-10
hsv_1	10298	prevalence	rothman	ESC	4000.0	4.2598569603792037e-11	3.457993065195344e-11	1.6708150688090773e-14	8.95972850368069e-12	2.0806959567368232e-11	3.4370626716134904e-11	5.4183797118954164e-11	1.0117217979892915e-10	3.990756536656007e-10
hsv_1	10298	prevalence	rothman	HTP	4000.0	4.007906822896884e-11	2.2323733685922162e-11	8.490815023738015e-13	1.1326228319263545e-11	2.3855691653869326e-11	3.59945375561489e-11	5.181837908832942e-11	8.190647635988598e-11	1.848020837106921e-10
hsv_1	10298	prevalence	rothman	JWPCP	4000.0	3.6761197385017805e-11	2.273586300794957e-11	6.3425313356865e-13	9.530271975887117e-12	2.036728458645584e-11	3.2112999528517526e-11	4.8339900615150445e-11	7.823819752797623e-11	2.6432296920900024e-10
hsv_1	10298	prevalence	rothman	NC	4000.0	5.691740308902555e-11	4.5466169260211573e-11	3.633687047254789e-13	1.2787965998657661e-11	2.8321066456128842e-11	4.526428268071676e-11	7.074236950925896e-11	1.4030806035294656e-10	4.704904070520539e-10
hsv_1	10298	prevalence	rothman	OC	4000.0	4.078586993394851e-11	2.494161760280235e-11	5.462167459457894e-13	1.1012661469378306e-11	2.320535747884821e-11	3.55110175983693e-11	5.350713141055335e-11	8.669999965624246e-11	2.3237335116108122e-10
hsv_1	10298	prevalence	rothman	Overall	4000.0	3.9261433119981044e-11	2.0200147163148237e-11	2.8620827045446695e-13	1.2901636165412753e-11	2.4656614362420664e-11	3.626825130203901e-11	5.0092604587942436e-11	7.470792616664224e-11	1.691712791009524e-10
hsv_1	10298	prevalence	rothman	PL	4000.0	5.385712618222038e-11	3.5059323361776556e-11	8.447731952401532e-13	1.4400950017204391e-11	2.994945098871412e-11	4.583898717921917e-11	6.787423802156553e-11	1.1907336582104545e-10	3.743775718935553e-10
hsv_1	10298	prevalence	rothman	SB	4000.0	4.070833387093136e-11	2.9223448367732974e-11	1.037744000097347e-13	8.50623836452008e-12	2.0617452488869967e-11	3.385789265749309e-11	5.347555487838637e-11	9.584844070387619e-11	3.4256539951716953e-10
hsv_1	10298	prevalence	rothman	SJ	4000.0	3.110414115282049e-11	2.028627721041767e-11	1.449650022321779e-13	6.41782747535188e-12	1.637493125689529e-11	2.7079614399085308e-11	4.18711049199467e-11	6.874226028451562e-11	1.7514766205820313e-10
hsv_1	10298	prevalence	spurbeck	A	4000.0	4.485843272626206e-13	9.819689319040764e-13	3.8067772825464004e-19	7.647644117108277e-16	2.643642669886805e-14	1.340455522819434e-13	4.5169776465031003e-13	1.9135568761858955e-12	1.8883040093775218e-11
hsv_1	10298	prevalence	spurbeck	B	4000.0	5.067355339410048e-13	1.1981141019436076e-12	5.109622696099066e-21	6.758697997996626e-16	2.3177529177892377e-14	1.3381484472862427e-13	4.881076935338527e-13	2.3684682287737023e-12	2.412345049696081e-11
hsv_1	10298	prevalence	spurbeck	C	4000.0	5.54084757453718e-13	1.6180309355207243e-12	1.2478590783720283e-20	7.318946978605375e-16	2.7731346043508427e-14	1.3484415724955688e-13	5.020274341807211e-13	2.297914517978998e-12	4.905347853869382e-11
hsv_1	10298	prevalence	spurbeck	D	4000.0	5.541503166760594e-13	1.5038209635722093e-12	4.441522684058732e-22	5.267914363441025e-16	2.6388947211581487e-14	1.3107720780274845e-13	5.428269692777009e-13	2.0580436019151804e-12	3.5747768838052974e-11
hsv_1	10298	prevalence	spurbeck	E	4000.0	5.111497696592078e-13	1.0976231421375698e-12	1.0374398397694793e-21	6.887319334143798e-16	2.5537686759558933e-14	1.391270977761589e-13	5.209049860914319e-13	2.1473118348007933e-12	1.867266458451647e-11
hsv_1	10298	prevalence	spurbeck	F	4000.0	6.932762022517511e-13	2.1741458136235096e-12	1.1257576928192018e-20	4.461784449579049e-16	2.7621466340537225e-14	1.447730178553386e-13	5.771516611405413e-13	2.870873615459046e-12	6.045594690533529e-11
hsv_1	10298	prevalence	spurbeck	G	4000.0	5.140140351323856e-13	1.2131166171352098e-12	4.961484996984768e-22	6.527396639563911e-16	2.7500739938275924e-14	1.3407943919620286e-13	5.327343066054902e-13	2.284821462148003e-12	3.4409187940591414e-11
hsv_1	10298	prevalence	spurbeck	H	4000.0	1.8994559873442483e-12	4.013784691674496e-12	4.2442564379979945e-18	1.2399030181354017e-14	1.3816655099786495e-13	5.287154155032827e-13	1.7838274389862889e-12	8.607731432078637e-12	5.380522883722507e-11
hsv_1	10298	prevalence	spurbeck	I	4000.0	5.765699756860923e-13	1.4308421055539087e-12	4.548284016495907e-21	7.424647143998651e-16	2.856175922223405e-14	1.4669196886591512e-13	5.151369526372256e-13	2.295466519244376e-12	2.2892271805551368e-11
hsv_1	10298	prevalence	spurbeck	J	4000.0	5.286395147183138e-13	1.3115172425042065e-12	1.0654132513315241e-19	7.557938766502349e-16	2.3775252665412848e-14	1.3391791099472506e-13	5.012898486822404e-13	2.30371691541471e-12	1.8694972826366353e-11
hsv_1	10298	prevalence	spurbeck	Overall	4000.0	3.6831806060650445e-13	8.081520489903374e-13	9.038669891225448e-18	3.1075340477326117e-15	4.077468311653912e-14	1.5473928399950597e-13	4.429886398226778e-13	1.420390862165989e-12	3.543144686844129e-11
hsv_2	10310	prevalence	crits_christoph	Berkeley	4000.0	1.3392542920200892e-11	9.027397597110335e-11	1.824179981536721e-21	5.253646697327002e-15	9.838164015605712e-14	8.94695803984356e-13	5.577472434361416e-12	5.051427425908052e-11	4.3364385298032785e-09
hsv_2	10310	prevalence	crits_christoph	Marin	4000.0	7.633878507359161e-12	2.1591476351127293e-11	1.6835025359305692e-19	4.215457064394455e-15	9.130847903021597e-14	7.860922759541867e-13	4.917972956191845e-12	3.925779550888714e-11	4.149632701539326e-10
hsv_2	10310	prevalence	crits_christoph	Oakland	4000.0	5.740947966988795e-12	1.638048765437044e-11	1.0031020738071467e-20	3.537645177281922e-15	8.43422100150309e-14	7.545639431682346e-13	3.9580977219111595e-12	2.7829633308868346e-11	4.2201288007408455e-10
hsv_2	10310	prevalence	crits_christoph	Overall	4000.0	8.874371712027601e-12	4.9089702001649215e-11	3.503503976188305e-17	1.1457926416659263e-14	1.597970304884508e-13	1.0519603516457565e-12	5.079044908959962e-12	3.813397069745291e-11	1.7436308642380417e-09
hsv_2	10310	prevalence	crits_christoph	SF	4000.0	1.615687706486719e-11	3.000292545048738e-10	1.2682311444946627e-19	5.229410755167352e-15	1.0733903118235763e-13	8.85186868121679e-13	5.376576510569135e-12	5.118468420468583e-11	1.862289087892929e-08
hsv_2	10310	prevalence	rothman	ESC	4000.0	4.444504840690463e-12	1.9495850303847084e-11	8.65801555611949e-20	3.856735474673922e-15	8.290632639574952e-14	5.130658735088082e-13	2.3436056790008815e-12	1.561402160183081e-11	4.624433684466227e-10
hsv_2	10310	prevalence	rothman	HTP	4000.0	2.37089605728699e-12	6.345458639637999e-12	3.510245931763824e-20	3.585882542591974e-15	7.843830714169287e-14	4.819935282470018e-13	2.0822884596246094e-12	1.0596071288884752e-11	2.3650532619941773e-10
hsv_2	10310	prevalence	rothman	JWPCP	4000.0	2.9786750735564773e-12	8.75531282487649e-12	8.616498434763266e-18	3.346622682378833e-15	7.5665228888779e-14	4.855337103315695e-13	2.282019627081546e-12	1.3237210475067398e-11	2.0134387193140309e-10
hsv_2	10310	prevalence	rothman	NC	4000.0	3.796560772880427e-12	1.4820636862256992e-11	1.5502844526882567e-18	3.368887982951022e-15	7.697573346053654e-14	5.404729007650894e-13	2.633311391029496e-12	1.524089473517426e-11	5.680294585239458e-10
hsv_2	10310	prevalence	rothman	OC	4000.0	2.8524059304368078e-12	7.389614595948822e-12	1.565012522709308e-21	3.3724308758389927e-15	7.597626010929774e-14	4.960036088977242e-13	2.2895062412794042e-12	1.333571864043615e-11	1.0036529399784715e-10
hsv_2	10310	prevalence	rothman	Overall	4000.0	2.051870213917225e-12	6.015991667570179e-12	4.725703410970396e-18	9.86581871681104e-15	1.177943132824436e-13	6.002127516667091e-13	2.226642215110304e-12	8.179352926140346e-12	2.82977600238301e-10
hsv_2	10310	prevalence	rothman	PL	4000.0	2.9815591150506207e-12	9.158738116313757e-12	4.214832392342646e-20	3.507549108670214e-15	7.214302404053033e-14	4.712531460255355e-13	2.247213100692634e-12	1.2828542898731324e-11	2.2399865532966664e-10
hsv_2	10310	prevalence	rothman	SB	4000.0	3.566591744689465e-12	1.219722569202542e-11	8.946179585892669e-19	2.782182701042378e-15	7.031741118625509e-14	5.143511045167278e-13	2.385235525283051e-12	1.452253283873643e-11	2.337967862126312e-10
hsv_2	10310	prevalence	rothman	SJ	4000.0	3.072402673084751e-12	8.32328149984003e-12	1.2492407977746518e-19	2.7662088165795364e-15	7.779204944286759e-14	5.213301993798557e-13	2.3257345092473495e-12	1.370436249682041e-11	1.1086106232092626e-10
hsv_2	10310	prevalence	spurbeck	A	4000.0	1.052951731904315e-12	2.915308732299119e-12	3.450435772337359e-20	2.787019660530445e-15	5.165408751159101e-14	2.7354507718507924e-13	9.5545082313631e-13	4.24774388511955e-12	6.736564413427667e-11
hsv_2	10310	prevalence	spurbeck	B	4000.0	1.019349210894003e-12	2.6658515243284134e-12	9.758252038344012e-19	2.5877503121210342e-15	4.649934073760928e-14	2.6724457660342585e-13	8.668349484055528e-13	4.328200427100514e-12	4.965853676067498e-11
hsv_2	10310	prevalence	spurbeck	C	4000.0	1.1487206254828e-12	3.365861420860479e-12	4.4983998723548137e-20	3.0736411701674178e-15	5.422796593327166e-14	3.029034459025364e-13	1.0391554586243595e-12	4.7722516785440894e-12	8.6868415949939e-11
hsv_2	10310	prevalence	spurbeck	D	4000.0	1.1390909806046183e-12	3.424430009605524e-12	1.3482225053428622e-18	3.0233419417330595e-15	5.612154149102926e-14	2.8292806720926063e-13	9.573268083874071e-13	4.795477864100064e-12	7.367219411172156e-11
hsv_2	10310	prevalence	spurbeck	E	4000.0	1.1230056375400593e-12	3.848070738784519e-12	4.462009585691816e-19	3.6259601677146165e-15	5.309173470980665e-14	2.761629198909666e-13	9.322427422722082e-13	4.1611353660761255e-12	1.340669719859909e-10
hsv_2	10310	prevalence	spurbeck	F	4000.0	1.4141006501653186e-12	6.709173561259775e-12	2.4855283631311173e-19	3.2231296847133438e-15	5.849979593845738e-14	2.8417128824187037e-13	1.0006033696068447e-12	5.089051373702007e-12	2.646856593473253e-10
hsv_2	10310	prevalence	spurbeck	G	4000.0	1.0101055163685158e-12	2.9417310041719307e-12	6.086415481732424e-20	3.006266217208572e-15	4.761550042475839e-14	2.504193716748848e-13	9.924721640875504e-13	3.870157875071529e-12	9.34653093574763e-11
hsv_2	10310	prevalence	spurbeck	H	4000.0	1.1625497906415025e-12	3.449553746959227e-12	1.1442203281013929e-17	2.9584485021378316e-15	5.4652731287282316e-14	2.81098883647438e-13	1.024071033014017e-12	4.7757447847428026e-12	7.287642509285506e-11
hsv_2	10310	prevalence	spurbeck	I	4000.0	1.226112817824063e-12	3.977840144002367e-12	3.701472326258948e-18	3.871666160600735e-15	5.2082519842967037e-14	2.716100645044918e-13	1.0372445891545522e-12	4.6203642686357826e-12	9.111204837640533e-11
hsv_2	10310	prevalence	spurbeck	J	4000.0	1.0897741818730198e-12	3.038994962683106e-12	3.0341746317759688e-18	2.9313907830605957e-15	5.43916399934153e-14	2.8113404731849694e-13	1.0001429330564016e-12	4.4719809779580236e-12	6.940171483215001e-11
hsv_2	10310	prevalence	spurbeck	Overall	4000.0	7.102542009398836e-13	1.3941244863191531e-12	7.616101089684762e-17	9.072318237779183e-15	6.861746990883495e-14	2.8814858437922085e-13	9.195237831999857e-13	2.507578458153259e-12	2.146843272348571e-11
influenza	11320	incidence	crits_christoph	Berkeley	4000.0	7.4951272078689e-06	0.00017393326298666289	1.2466127945919102e-14	1.452600691758489e-09	3.303744680295693e-08	2.760326252704195e-07	1.992840200149264e-06	1.3025438492774305e-05	0.010280943704198428
influenza	11320	incidence	crits_christoph	Marin	4000.0	3.7850837244924923e-06	7.13168882143799e-05	1.078042007116879e-13	1.5829864431306238e-09	2.9220991892313348e-08	2.535362083379985e-07	1.6423473957257709e-06	9.245742352990923e-06	0.004002903840136266
influenza	11320	incidence	crits_christoph	Oakland	4000.0	1.9443985042211574e-06	5.4911580580940056e-06	1.714223744023625e-13	1.3418071678273871e-09	2.9259159559041085e-08	2.2196520085238834e-07	1.5107389042450035e-06	1.0197801451211378e-05	0.00014732363348654557
influenza	11320	incidence	crits_christoph	Overall	4000.0	2.6959705363705303e-06	1.4551374415471563e-05	1.3856329117985406e-12	5.070338513632764e-09	5.138500938009807e-08	3.569982848616568e-07	1.8566733404041616e-06	1.0782500665308826e-05	0.0007524026912849277
influenza	11320	incidence	crits_christoph	SF	4000.0	1.5627156480590954e-05	0.0007216012767711374	1.7167566194706596e-13	1.6943322317299956e-09	2.8018053990009925e-08	2.684012295543092e-07	2.038553369792213e-06	1.331621325569436e-05	0.04556423924065523
influenza	11320	incidence	rothman	ESC	4000.0	2.9123167770757743e-07	3.0156842249420355e-06	1.1229809592109797e-14	1.5431327503163539e-10	1.983023525889542e-09	1.1165843292445313e-08	6.587212118684234e-08	5.558993420148765e-07	9.762254505797519e-05
influenza	11320	incidence	rothman	HTP	4000.0	5.932764757523216e-08	1.593018437081663e-07	2.409104746292354e-14	1.7200904715241445e-10	1.8959144342062833e-09	9.879179044524253e-09	4.825540368681232e-08	2.715640755829068e-07	3.6336267067653484e-06
influenza	11320	incidence	rothman	JWPCP	4000.0	7.619150946128385e-08	2.1297865777877076e-07	1.6358507410833524e-13	1.6128514877510743e-10	1.8468462558177448e-09	1.0537933192051665e-08	5.5195814217461595e-08	3.6972908466491523e-07	4.255747402661739e-06
influenza	11320	incidence	rothman	NC	4000.0	8.596680830594752e-08	3.2997758072829825e-07	1.3113116017883735e-13	1.580613424478081e-10	2.1135412234771784e-09	1.0771435763563208e-08	5.451910117697759e-08	3.920050217440949e-07	1.2559385489076772e-05
influenza	11320	incidence	rothman	OC	4000.0	6.22597533137079e-08	1.7358904194683206e-07	1.184052522970857e-15	1.4738524413803475e-10	1.8949543863230865e-09	1.0453895224845811e-08	4.929856870885142e-08	2.8587835078249164e-07	4.588315012052345e-06
influenza	11320	incidence	rothman	Overall	4000.0	5.093125103461828e-08	1.0392852002801363e-07	2.1256786701236115e-12	4.6050385768123474e-10	2.2917556334981333e-09	1.2439366165045022e-08	4.735504746139223e-08	2.2682052093473622e-07	1.1386464254577238e-06
influenza	11320	incidence	rothman	PL	4000.0	5.783699623129553e-08	1.3444727314897808e-07	1.651259544239595e-13	1.488440937888581e-10	1.8611351746514699e-09	9.19473426453815e-09	4.808965222876599e-08	2.8001539085655767e-07	1.6580733195348845e-06
influenza	11320	incidence	rothman	SB	4000.0	8.249310605822775e-08	2.9384500143982294e-07	2.0469824284141035e-13	1.7264463739355182e-10	1.89139805815662e-09	1.1202130640584714e-08	6.058998785261174e-08	3.5669291460690264e-07	1.0443033714048814e-05
influenza	11320	incidence	rothman	SJ	4000.0	7.721694178694561e-08	2.97123776981805e-07	1.011664738579697e-13	1.886601149855274e-10	1.8624335298506672e-09	9.996495095028775e-09	5.43331963527556e-08	3.124440751191526e-07	8.332407035469416e-06
influenza	11320	incidence	spurbeck	A	4000.0	6.371475606711843e-11	1.9512075256217982e-10	5.429367972519344e-17	1.1726861029366553e-13	2.379008189403769e-12	1.3487344572823983e-11	5.827010958983776e-11	2.661797829387006e-10	5.9734618613720716e-09
influenza	11320	incidence	spurbeck	B	4000.0	8.108925332592811e-11	2.785680479466036e-10	2.140379624998801e-18	1.2103362664481605e-13	2.457495842865183e-12	1.3118874285540953e-11	5.903540974395362e-11	3.241826674064086e-10	7.22102379052854e-09
influenza	11320	incidence	spurbeck	C	4000.0	8.403021679705351e-11	3.122144057730906e-10	3.530267628638218e-17	9.8714380593301e-14	2.508743134979482e-12	1.3724517087096737e-11	6.106698881734845e-11	3.6398731722583925e-10	1.299935949789583e-08
influenza	11320	incidence	spurbeck	D	4000.0	7.853590313941734e-11	2.5100429027841823e-10	2.7475866488308593e-17	1.2673392798644952e-13	2.416271099711394e-12	1.476398567389199e-11	6.43304708460205e-11	3.3739244905802896e-10	8.060213712829407e-09
influenza	11320	incidence	spurbeck	E	4000.0	8.060501082985084e-11	2.3238881127994287e-10	6.121310688923069e-18	1.0440462774649839e-13	2.575841185159952e-12	1.5125746281347197e-11	6.388908407425718e-11	3.262729855535146e-10	3.574717527910139e-09
influenza	11320	incidence	spurbeck	F	4000.0	7.242458899018597e-11	1.9223810192414353e-10	4.816089526509125e-17	1.110351136877563e-13	2.508514002381515e-12	1.3746988961909953e-11	6.253431147247615e-11	3.254382964716648e-10	5.24307666954517e-09
influenza	11320	incidence	spurbeck	G	4000.0	6.92764139092065e-11	1.8421922729386456e-10	6.858026349449698e-18	1.0831227003067532e-13	2.4063460062451997e-12	1.4042872197093352e-11	5.861958471423359e-11	2.962506576485603e-10	3.033870037589991e-09
influenza	11320	incidence	spurbeck	H	4000.0	8.185465534891078e-11	2.5932607463381315e-10	1.751417392820338e-18	1.2728633392912992e-13	2.6206112819720134e-12	1.4767275658434703e-11	6.273277824328382e-11	3.441408564756993e-10	6.1181798114570595e-09
influenza	11320	incidence	spurbeck	I	4000.0	8.035316422857606e-11	2.5045059217425354e-10	1.8781796295373604e-16	1.2532422034555777e-13	2.58464997040584e-12	1.4768010433119678e-11	6.444816160164249e-11	3.366795062162777e-10	7.0465514845066824e-09
influenza	11320	incidence	spurbeck	J	4000.0	6.999918769613656e-11	2.1127363446638594e-10	4.1680833301079434e-19	1.1300383946588485e-13	2.345120075499378e-12	1.3337913638844717e-11	5.967233604505736e-11	3.0880605494567506e-10	7.769849140042895e-09
influenza	11320	incidence	spurbeck	Overall	4000.0	4.7008512690873e-11	8.20918409279215e-11	3.136681646882907e-15	3.2214370233808335e-13	3.4327095437439433e-12	1.549368423024319e-11	5.291295443696057e-11	1.9938524728148853e-10	1.0468087751094028e-09
influenza	11520	incidence	crits_christoph	Berkeley	4000.0	3.6530067633759938e-06	1.858301316097158e-05	2.217211536460168e-14	1.299417582152156e-09	6.286806899680284e-08	3.6013354308564485e-07	1.4968122305034325e-06	1.5038290642027342e-05	0.0006577736251851408
influenza	11520	incidence	crits_christoph	Marin	4000.0	2.1708540938795845e-06	7.85274677899854e-06	1.018757281750962e-13	1.358698736928714e-09	6.034840336752605e-08	4.816988507339022e-07	1.2950467761654824e-06	8.91598886963919e-06	0.0002764089084120594
influenza	11520	incidence	crits_christoph	Oakland	4000.0	1.6543765409004443e-06	4.995512986190666e-06	1.5284199295572147e-13	1.1809168171964566e-09	2.7619370179711883e-08	1.7118377831676035e-07	1.1420315724189776e-06	8.147777433437415e-06	0.00010784261206415464
influenza	11520	incidence	crits_christoph	Overall	4000.0	2.2823946767055942e-06	8.927385927336467e-06	2.329895100506368e-11	4.593564832794668e-09	9.64772248077417e-08	3.4334612777670925e-07	1.4186917118662072e-06	8.576934796851734e-06	0.00018329123820886868
influenza	11520	incidence	crits_christoph	SF	4000.0	4.032145676313123e-06	2.9980374588124117e-05	1.2627494444739295e-13	1.3153515255960722e-09	5.560397991811046e-08	5.098997680151908e-07	1.430151586947255e-06	1.373527755871387e-05	0.0014234134468559976
influenza	11520	incidence	rothman	ESC	4000.0	3.450291811686471e-07	2.040158266599926e-06	2.6698122087766433e-14	2.4099160784441654e-10	5.002511048908795e-09	3.507148012029728e-08	1.5571509238844143e-07	1.126416750407892e-06	7.240441281598618e-05
influenza	11520	incidence	rothman	HTP	4000.0	1.196032814820076e-07	2.801015600682122e-07	3.3967570807182556e-15	2.024685074037078e-10	4.429542271139149e-09	2.9423149453167156e-08	1.2021294140900758e-07	5.042804158883749e-07	7.060081764673131e-06
influenza	11520	incidence	rothman	JWPCP	4000.0	1.6188272737322287e-07	4.742215139362474e-07	1.3273970292950437e-13	2.235495130413761e-10	4.536879208430801e-09	3.2471909567277005e-08	1.3286381604248178e-07	6.690654171933423e-07	1.0134502884235174e-05
influenza	11520	incidence	rothman	NC	4000.0	1.8989349543711888e-07	6.737305852120193e-07	1.5344614196960402e-14	2.1513876800334918e-10	4.920283129034282e-09	3.364744319183618e-08	1.411471402772515e-07	7.382612249868961e-07	1.6694866192004458e-05
influenza	11520	incidence	rothman	OC	4000.0	1.4638190523841417e-07	3.2585380828691115e-07	3.070645473325204e-16	1.694912123075043e-10	4.5630740225450744e-09	3.268956593026377e-08	1.362349404557611e-07	6.74391136894686e-07	4.947042924887754e-06
influenza	11520	incidence	rothman	Overall	4000.0	1.1187772016303711e-07	2.1714675646085307e-07	2.560127579299026e-12	5.908284198428036e-10	7.153938828016537e-09	3.5021752838965654e-08	1.2096194654932518e-07	4.825101230190117e-07	3.104198246910267e-06
influenza	11520	incidence	rothman	PL	4000.0	1.2045891018872084e-07	2.7125748020359456e-07	1.6046403116463282e-15	1.68243718820303e-10	4.231284533780881e-09	2.6374789006046252e-08	1.1797040322924429e-07	5.595508333461643e-07	5.717874383080987e-06
influenza	11520	incidence	rothman	SB	4000.0	2.1488386209953247e-07	8.339612589552848e-07	6.061031513703033e-15	2.3052991736627457e-10	4.703210965721773e-09	3.1263223371705885e-08	1.3378969731329482e-07	8.569915311751179e-07	2.2132561493981845e-05
influenza	11520	incidence	rothman	SJ	4000.0	1.6197796389046117e-07	4.049878867261836e-07	5.803775932417087e-16	1.7588383097426087e-10	4.327196460974401e-09	3.1233789575710264e-08	1.417920853790203e-07	7.872005418573642e-07	8.552660715592432e-06
influenza	11520	incidence	spurbeck	A	4000.0	3.042549668246194e-09	9.00230419192244e-09	1.2404203688578905e-16	2.618496435690229e-12	9.013973221280078e-11	5.056860539482754e-10	2.4459790152362586e-09	1.3891832108578279e-08	2.1185897846231206e-07
influenza	11520	incidence	spurbeck	B	4000.0	3.0274312553678965e-09	9.33619777192954e-09	2.920118679647874e-17	2.6156114682134638e-12	8.860239470380612e-11	5.326927762078914e-10	2.389845498034977e-09	1.3582985448507246e-08	3.3080634084499355e-07
influenza	11520	incidence	spurbeck	C	4000.0	3.5870734556910646e-09	1.1349935635083777e-08	7.275433975161353e-17	3.1679091346761406e-12	8.6620663484016e-11	5.860030031197781e-10	2.6715635600727617e-09	1.5753320795509592e-08	3.0646256564432446e-07
influenza	11520	incidence	spurbeck	D	4000.0	3.5831348428229e-09	1.1232866934098207e-08	7.777433254609623e-16	2.8437175514545193e-12	8.246750249213133e-11	5.43361207606236e-10	2.5711860221947047e-09	1.502220454211719e-08	2.1028850236214717e-07
influenza	11520	incidence	spurbeck	E	4000.0	3.210047509018131e-09	1.0013059211106259e-08	1.7785691928236375e-15	3.023213694518479e-12	8.73783467710692e-11	5.526627011008681e-10	2.5552610707349323e-09	1.340522518676678e-08	2.2696619275957301e-07
influenza	11520	incidence	spurbeck	F	4000.0	4.375247861664144e-09	1.786255271062845e-08	1.4002456615493163e-15	2.756914980766075e-12	8.444114918764608e-11	5.267583063337784e-10	2.609239056640629e-09	1.7163152686975247e-08	4.83576557850403e-07
influenza	11520	incidence	spurbeck	G	4000.0	3.326685238469563e-09	9.377484869730934e-09	3.1934370165190066e-17	2.6307152068169323e-12	8.39712389904555e-11	5.242004283846064e-10	2.6251998795600837e-09	1.583437017131048e-08	2.023695807745164e-07
influenza	11520	incidence	spurbeck	H	4000.0	3.199925104550468e-09	9.42486259867449e-09	6.408243763275736e-16	2.412545184620605e-12	8.112022618323435e-11	4.95242969194762e-10	2.356759891888286e-09	1.4474206894920531e-08	1.9010983458871334e-07
influenza	11520	incidence	spurbeck	I	4000.0	3.51273682821046e-09	1.253878681364281e-08	1.8917658358159175e-17	2.568803713842541e-12	8.246788503497318e-11	5.234330635225545e-10	2.517606089105319e-09	1.5311968727646576e-08	4.2314043141506143e-07
influenza	11520	incidence	spurbeck	J	4000.0	3.38729929033076e-09	9.79068260288892e-09	6.841953988084567e-17	2.8261951102329587e-12	8.47669190284159e-11	5.424976539086028e-10	2.497005060788538e-09	1.4831343769643983e-08	1.5780722435019807e-07
influenza	11520	incidence	spurbeck	Overall	4000.0	2.0675486193807395e-09	3.985804863727955e-09	6.182666576221584e-14	8.602859767718772e-12	1.188633587692513e-10	5.778844776466567e-10	2.1692292315490533e-09	9.60252179155317e-09	7.862232748587751e-08
jcv	10632	prevalence	crits_christoph	Berkeley	4000.0	1.2187423981126038e-09	1.3783926045890357e-08	6.0053951169331946e-15	2.8129149184586707e-12	2.588410331458587e-11	1.0191594799105697e-10	3.679357943885398e-10	2.8653243748957582e-09	5.712102758361255e-07
jcv	10632	prevalence	crits_christoph	Marin	4000.0	7.240278561200553e-11	3.13055312290377e-10	2.530843573984516e-18	1.5391211641178852e-13	3.1856003315233417e-12	1.4813360609266148e-11	5.476178285803768e-11	2.544141273732639e-10	8.788199236806546e-09
jcv	10632	prevalence	crits_christoph	Oakland	4000.0	1.2894031625201388e-10	5.41377342275976e-10	9.864680154483344e-17	1.62329572799882e-12	1.2552827981568043e-11	4.069614577634724e-11	1.1192510072785305e-10	4.5765604829952587e-10	2.488195103341643e-08
jcv	10632	prevalence	crits_christoph	Overall	4000.0	1.9171145192629664e-10	8.728393743529418e-10	1.1756948373538758e-14	2.598577048027413e-12	1.7359276944328022e-11	5.08200831228954e-11	1.4073912206245195e-10	6.263054380645562e-10	3.675360506566536e-08
jcv	10632	prevalence	crits_christoph	SF	4000.0	1.5125287095387755e-09	3.150799685648562e-08	1.7122536628893572e-14	2.2358946778674955e-12	1.960310858150151e-11	7.318777482566868e-11	2.3436555934763063e-10	1.9863832969582453e-09	1.8563930670735928e-06
jcv	10632	prevalence	rothman	ESC	4000.0	7.614204776877135e-11	2.031455472534174e-10	1.7077492154615272e-15	5.446426690796941e-13	4.4997345033370995e-12	1.8769355482924106e-11	6.716375981018576e-11	3.2410732502205605e-10	4.5923543174580136e-09
jcv	10632	prevalence	rothman	HTP	4000.0	1.7229210675847652e-12	3.4333281041818067e-12	3.334954593694616e-20	1.9619533245247993e-15	8.414589971322565e-14	4.616378800880099e-13	1.7655061218437336e-12	8.024171932151932e-12	3.9972017794434593e-11
jcv	10632	prevalence	rothman	JWPCP	4000.0	2.7064558459111374e-12	5.96393749550088e-12	3.949344724167544e-20	1.809896222396476e-15	1.0814071916061603e-13	6.825856851061833e-13	2.641145729145942e-12	1.2341861977303439e-11	9.021904385609248e-11
jcv	10632	prevalence	rothman	NC	4000.0	4.384740402123107e-12	1.3418136204804986e-11	3.5450588517004054e-25	2.850961464413848e-15	1.593402616686696e-13	9.172322176907799e-13	4.011007544173971e-12	1.8536573397397713e-11	4.275363817272828e-10
jcv	10632	prevalence	rothman	OC	4000.0	2.3984086270399834e-12	5.15448851606188e-12	1.4790856483295266e-21	2.9733666263669077e-15	1.1009274942503006e-13	5.823824373777471e-13	2.3652734160461475e-12	1.042179345702251e-11	1.021529599907675e-10
jcv	10632	prevalence	rothman	Overall	4000.0	5.990653831614786e-12	2.6649312050174495e-11	2.71983962198539e-15	1.0807604411123488e-13	6.983949165137448e-13	2.21078994675675e-12	5.779344399029778e-12	1.9553079957535572e-11	1.2943457160753975e-09
jcv	10632	prevalence	rothman	PL	4000.0	2.473477326846079e-12	5.5076355187042056e-12	4.25738005246545e-22	2.7908756514498405e-15	1.0372286521558769e-13	5.958618680012294e-13	2.4781126407744935e-12	1.0902927799634169e-11	9.354138198648995e-11
jcv	10632	prevalence	rothman	SB	4000.0	2.970374173265971e-11	5.0328715272023156e-11	4.341826818134342e-15	4.282656815933809e-13	3.222547740044581e-12	1.1706041885803772e-11	3.543863844275905e-11	1.17768253660788e-10	6.784752277199276e-10
jcv	10632	prevalence	rothman	SJ	4000.0	3.459775552176484e-11	4.1314666662742874e-11	3.568930551141601e-14	1.1811601383917922e-12	7.2416812080782864e-12	1.9434254097443968e-11	4.737757225733574e-11	1.1897469570238688e-10	4.0839525793591046e-10
jcv	10632	prevalence	spurbeck	A	4000.0	1.4998838137565952e-12	3.76812170620145e-12	2.090408263430855e-22	3.2554899764686215e-15	8.163163564671992e-14	4.069351657869052e-13	1.4670836837416558e-12	5.981890340745389e-12	1.0534907395411464e-10
jcv	10632	prevalence	spurbeck	B	4000.0	1.636596356552464e-12	3.867018664592831e-12	2.9205623656601347e-23	4.365581614394328e-15	9.138712850729608e-14	4.556658329225416e-13	1.6064538574360997e-12	6.965368638659912e-12	1.1099179335806033e-10
jcv	10632	prevalence	spurbeck	C	4000.0	2.329065037042347e-12	6.090166084026745e-12	1.1507125103133071e-19	3.1561094619788477e-15	1.051804731783653e-13	5.7504181638903e-13	2.1988013134029826e-12	9.812047782665919e-12	1.5335794676979342e-10
jcv	10632	prevalence	spurbeck	D	4000.0	2.0858107392590707e-12	5.364133206542439e-12	7.017413645183997e-19	4.2055320658819425e-15	1.0629487190865748e-13	5.569353333694423e-13	2.0053771801322333e-12	8.454193055572935e-12	1.395973050674822e-10
jcv	10632	prevalence	spurbeck	E	4000.0	5.15782250649765e-12	1.2155852058219477e-11	8.57176229986072e-16	9.168743197919657e-14	6.908919642884421e-13	2.0342541302147333e-12	5.571954271541307e-12	1.9960830496681596e-11	5.222137622649966e-10
jcv	10632	prevalence	spurbeck	F	4000.0	3.1912190908876214e-11	6.68885458576343e-11	1.270958323926759e-14	7.774669324300113e-13	4.461288966556507e-12	1.3815497620610965e-11	3.5684938652709946e-11	1.216462031608319e-10	2.753603211442581e-09
jcv	10632	prevalence	spurbeck	G	4000.0	2.8848337403779142e-11	4.266775178281926e-11	1.1424923003898748e-14	9.12384886808496e-13	5.560062114466842e-12	1.465993531008865e-11	3.4732895334888456e-11	1.0156061410496471e-10	6.14596334281468e-10
jcv	10632	prevalence	spurbeck	H	4000.0	4.875429594810378e-11	1.100413715325288e-10	1.4652116450944749e-15	8.408955953074782e-13	5.959968341432578e-12	2.002141014429248e-11	5.500756429541373e-11	1.7228130988113378e-10	3.986976916928021e-09
jcv	10632	prevalence	spurbeck	I	4000.0	1.944770995564399e-12	4.714221019896116e-12	1.4750781444114467e-22	3.1241723432251576e-15	9.570446654074839e-14	5.187619057683692e-13	1.83868796936848e-12	8.357944079320598e-12	9.441154535507596e-11
jcv	10632	prevalence	spurbeck	J	4000.0	1.7878431983585247e-12	3.972986237728099e-12	3.0357079985860266e-20	3.4049700744242642e-15	9.212506026942961e-14	4.512708473502864e-13	1.7028324205507036e-12	7.707670214528272e-12	4.805512333573041e-11
jcv	10632	prevalence	spurbeck	Overall	4000.0	2.848856062509116e-12	3.948950414103942e-12	1.4425134036104775e-15	1.3151477792242824e-13	6.53231495569867e-13	1.592498328991143e-12	3.5648498663037574e-12	9.53975933792184e-12	6.644950756181341e-11
mcv	493803	prevalence	crits_christoph	Berkeley	4000.0	2.401010177253078e-09	2.442842095425703e-09	3.1240788244608417e-12	5.655842706748787e-10	1.1412215166329105e-09	1.808005621056517e-09	2.865719460882968e-09	6.075674405842139e-09	4.715853121199976e-08
mcv	493803	prevalence	crits_christoph	Marin	4000.0	5.8677486018161024e-09	5.6540380570740174e-09	2.192195328603538e-10	1.7223032638807313e-09	3.281515205490837e-09	4.86688981081411e-09	6.879791694614665e-09	1.2627458315668743e-08	2.0054993441076993e-07
mcv	493803	prevalence	crits_christoph	Oakland	4000.0	3.8225122161787095e-09	2.137360997929665e-09	1.981130272356922e-10	1.5022911635935253e-09	2.5088478140030724e-09	3.424110234951075e-09	4.547133268340061e-09	7.48155130941351e-09	3.155746530600936e-08
mcv	493803	prevalence	crits_christoph	Overall	4000.0	3.607219638934521e-09	5.281613586352446e-09	7.864000834274097e-11	8.33886475765945e-10	1.7887833757571841e-09	2.7389735828194297e-09	4.141059491148458e-09	8.558716837367882e-09	2.3993778913401124e-07
mcv	493803	prevalence	crits_christoph	SF	4000.0	2.339994425818443e-09	2.324785293574242e-09	4.50855343094479e-11	5.333242425024675e-10	1.0997398044556438e-09	1.7262150657889666e-09	2.7986250886916142e-09	5.9760337387366845e-09	6.371736930005131e-08
mcv	493803	prevalence	rothman	ESC	4000.0	8.621185623821462e-13	3.2198349426167564e-12	1.1877929059933513e-23	5.129399136557962e-16	7.794383531599673e-15	6.696943814885555e-14	3.8129562732600467e-13	4.009826486268507e-12	7.821839175010669e-11
mcv	493803	prevalence	rothman	HTP	4000.0	3.9642361001629545e-13	1.1440294251677797e-12	7.49689327738675e-24	3.2579903806332475e-16	7.391440747679553e-15	4.501778731786044e-14	2.574116652286409e-13	1.9865322913585347e-12	2.4542685835859164e-11
mcv	493803	prevalence	rothman	JWPCP	4000.0	3.5178545095059824e-12	8.53774742473547e-12	1.509628444999134e-17	4.377787568232089e-15	5.4903313636229234e-14	4.682929196688307e-13	2.7750402386395386e-12	1.727844983579147e-11	1.1132794281641343e-10
mcv	493803	prevalence	rothman	NC	4000.0	7.713290284434071e-13	3.0584334780913677e-12	1.9703111885109587e-20	4.1478645324536985e-16	7.065202488482442e-15	6.237006221459654e-14	3.8797806778196995e-13	3.4112710550641868e-12	8.055879327511127e-11
mcv	493803	prevalence	rothman	OC	4000.0	4.68899224246498e-13	1.3561792574993143e-12	3.3804154871492015e-20	4.170655776073656e-16	6.475593756188441e-15	5.298587763353518e-14	3.031879040399152e-13	2.525025095717073e-12	3.9027305790911135e-11
mcv	493803	prevalence	rothman	Overall	4000.0	4.558069672196041e-13	1.1564954014297917e-12	8.009193564064907e-18	2.12602612928285e-15	1.3406028736286158e-14	7.802180582886004e-14	3.536325678717416e-13	2.3365833224396066e-12	2.253652920609656e-11
mcv	493803	prevalence	rothman	PL	4000.0	4.771186723296696e-13	1.4306953423807583e-12	1.6491571720873354e-20	4.117077212049378e-16	6.938861451034587e-15	5.62196432117431e-14	3.185408724045228e-13	2.3461680124304974e-12	4.031206896666954e-11
mcv	493803	prevalence	rothman	SB	4000.0	8.11712887146531e-13	3.083706781404805e-12	6.2580894264648784e-21	3.986481567247335e-16	6.68505904237715e-15	6.287284788306199e-14	4.053545863579368e-13	3.698795351964048e-12	7.90595958490758e-11
mcv	493803	prevalence	rothman	SJ	4000.0	5.570539339844113e-13	1.88334296614466e-12	1.2728613397327877e-22	3.673636667279631e-16	6.635752344345768e-15	5.293022148450573e-14	3.04368212546909e-13	2.6694507908929985e-12	5.2333466462970455e-11
mcv	493803	prevalence	spurbeck	A	4000.0	5.441344058594956e-13	1.265238597146087e-12	8.874229291987682e-23	7.684701066383668e-16	2.3412710946411185e-14	1.3480152498839906e-13	5.366813780494564e-13	2.4314780938350324e-12	3.303580152656599e-11
mcv	493803	prevalence	spurbeck	B	4000.0	6.047932788464593e-13	1.3625108553438227e-12	8.879542814891463e-22	7.345281473651975e-16	2.2110691913178188e-14	1.4293579321054227e-13	5.963161474019508e-13	2.6028873675543584e-12	2.321763350275314e-11
mcv	493803	prevalence	spurbeck	C	4000.0	7.097924038544835e-13	1.6445565408169323e-12	6.2307948960609e-23	9.453896414066305e-16	2.4112573297708578e-14	1.6410720676365099e-13	6.514519655420211e-13	3.1040352908883865e-12	3.2954806452787554e-11
mcv	493803	prevalence	spurbeck	D	4000.0	7.398673134384768e-13	2.012336731158154e-12	1.8773017649391514e-21	8.996575361098677e-16	2.4848685316843698e-14	1.5736568597889205e-13	6.251735923563346e-13	3.259401470556023e-12	3.493446198589081e-11
mcv	493803	prevalence	spurbeck	E	4000.0	6.43123022457575e-13	1.825975923998523e-12	1.0260133041473692e-19	1.0687896700785217e-15	2.2824445605378983e-14	1.378365558341103e-13	5.973782587635204e-13	2.7575931245527453e-12	5.992062201405208e-11
mcv	493803	prevalence	spurbeck	F	4000.0	2.4308516117865943e-12	5.4894791368762675e-12	4.169544483345661e-18	7.190895158122772e-15	1.2467739129640897e-13	5.989920116948219e-13	2.171685792594833e-12	1.0565463488265788e-11	6.268856723984567e-11
mcv	493803	prevalence	spurbeck	G	4000.0	3.0281047032196534e-12	5.975995020869486e-12	3.1173430030684626e-17	9.978677213432987e-15	1.590885066960766e-13	8.425004901268291e-13	3.333445432238383e-12	1.3233141090378658e-11	1.3471844345039895e-10
mcv	493803	prevalence	spurbeck	H	4000.0	6.830575642912171e-13	2.302374254931629e-12	5.9417826988020655e-21	8.048060323289627e-16	2.2667784111376022e-14	1.4695016525945485e-13	6.000675270499688e-13	2.882174444210598e-12	1.0145140531431302e-10
mcv	493803	prevalence	spurbeck	I	4000.0	7.241086066098521e-13	1.8207923987524066e-12	4.760591270078914e-20	9.43871783622682e-16	2.2520517391788314e-14	1.4791316704459888e-13	6.29844955230959e-13	3.273016889783481e-12	3.7408454740234737e-11
mcv	493803	prevalence	spurbeck	J	4000.0	6.207643320465006e-13	1.4698450384034874e-12	1.7992772924869897e-20	9.16120806769825e-16	2.3641790287300034e-14	1.4847921819008086e-13	5.850152630457565e-13	2.668063908520502e-12	2.262922760020101e-11
mcv	493803	prevalence	spurbeck	Overall	4000.0	5.236743108641611e-13	8.555926257851543e-13	3.971278814412831e-18	3.846392914574563e-15	4.689596835597383e-14	2.080645066319789e-13	5.976247651929432e-13	2.175584342255351e-12	9.722185916860424e-12
norovirus	122928	incidence	crits_christoph	Berkeley	4000.0	9.541328388799235e-07	4.272006748764793e-06	4.3831176610048216e-15	1.0338657855166763e-09	2.8845548809926307e-08	1.682792998873864e-07	6.951057941382308e-07	3.6446689284409983e-06	0.00018116587792272983
norovirus	122928	incidence	crits_christoph	Marin	4000.0	5.567337696466719e-07	1.5527248626156491e-06	2.0872913307911754e-14	1.0417417717462231e-09	2.2501951541576018e-08	1.437968361037283e-07	5.136070556242549e-07	2.3435899526859644e-06	4.811371537209864e-05
norovirus	122928	incidence	crits_christoph	Oakland	4000.0	1.0692708765124167e-06	2.728217626040484e-06	2.1670441255810012e-11	1.1079770680671673e-08	1.1893398211595963e-07	4.2814031763845723e-07	1.1873654554271015e-06	3.91947548915831e-06	0.00012570433217316772
norovirus	122928	incidence	crits_christoph	Overall	4000.0	7.569312301343252e-07	3.5932968148545305e-06	2.3163718987692062e-11	5.1415406992079355e-09	5.4702353397993444e-08	2.1183797868567893e-07	6.345291669461591e-07	2.5372735283476904e-06	0.00014620523445511664
norovirus	122928	incidence	crits_christoph	SF	4000.0	8.28327027311784e-07	2.687719125365295e-06	7.193788551322259e-15	9.862921327638736e-10	3.174722416796369e-08	1.6615148796719673e-07	6.505645888377245e-07	3.269898370546389e-06	5.63097492286262e-05
norovirus	122928	incidence	rothman	ESC	4000.0	1.7264418421836556e-05	1.3245599576602879e-05	2.301089080780797e-07	2.953049624291778e-06	7.996483304599733e-06	1.4191624306718149e-05	2.2884556423982468e-05	4.0360619538733114e-05	0.0001673459207175237
norovirus	122928	incidence	rothman	HTP	4000.0	4.554320234315258e-05	1.541876408853285e-05	1.0283344803365987e-05	2.4327896787370627e-05	3.4546331267632104e-05	4.373077239231989e-05	5.4163273547514274e-05	7.377653350569683e-05	0.00012145048094505074
norovirus	122928	incidence	rothman	JWPCP	4000.0	1.1285377781968736e-05	7.841965576805022e-06	8.982017561271184e-08	2.030756384811429e-06	5.627190064205925e-06	9.432922390985829e-06	1.5092653698087777e-05	2.6546393575114952e-05	6.14766128925781e-05
norovirus	122928	incidence	rothman	NC	4000.0	2.457565184754517e-05	1.5459216839386018e-05	9.535262656665728e-07	7.003461507222953e-06	1.3776155195661811e-05	2.116601665478912e-05	3.1489359293790984e-05	5.326586050927856e-05	0.0001474123620130534
norovirus	122928	incidence	rothman	OC	4000.0	3.11870572456776e-05	1.3291199471040819e-05	3.209546515685782e-06	1.3925602023117897e-05	2.1863155707420797e-05	2.885542115141009e-05	3.796230273330207e-05	5.624621403620905e-05	0.00010270590508490875
norovirus	122928	incidence	rothman	Overall	4000.0	2.650308347471728e-05	1.3491123795869648e-05	2.297668548846929e-06	1.1387636863121175e-05	1.8420509605017276e-05	2.4557947892957355e-05	3.150296005603948e-05	4.7696642623116354e-05	0.0002522683863506407
norovirus	122928	incidence	rothman	PL	4000.0	1.7615533306921587e-05	8.190143695043667e-06	2.254057888461593e-06	6.929062686751357e-06	1.174624327407917e-05	1.620940648472185e-05	2.2034140354729334e-05	3.279191655174701e-05	8.898331031499915e-05
norovirus	122928	incidence	rothman	SB	4000.0	5.300722634598738e-05	3.218024974719924e-05	3.5893323792354408e-06	1.768850546605359e-05	3.09563161156411e-05	4.451652910397708e-05	6.63273961713822e-05	0.00011468629306337917	0.00026333540780693786
norovirus	122928	incidence	rothman	SJ	4000.0	5.3485729223710036e-05	2.3423713584426102e-05	9.49452702113188e-06	2.3451209785046952e-05	3.645962160251536e-05	4.9683880227319905e-05	6.638264530961706e-05	9.76837282981863e-05	0.00018844655592239378
norovirus	122928	incidence	spurbeck	A	4000.0	2.265066180924954e-09	5.0258977429914594e-09	7.383857126016184e-18	3.758666063178464e-12	1.1552004388019721e-10	6.037607688649503e-10	2.244337787400141e-09	9.4573149258071e-09	7.907398074795608e-08
norovirus	122928	incidence	spurbeck	B	4000.0	2.675480826354882e-09	6.5568415632466485e-09	1.7210561446251695e-17	4.325679754713794e-12	1.2350285516869127e-10	6.507765711002771e-10	2.540925503113586e-09	1.1682185515992332e-08	2.2920018699839909e-07
norovirus	122928	incidence	spurbeck	C	4000.0	3.1886262015071074e-09	8.315717693520162e-09	4.696300795775751e-21	4.61133143157526e-12	1.3768237556398003e-10	7.20140780789351e-10	2.9147067939537084e-09	1.373492275558767e-08	1.67542149824291e-07
norovirus	122928	incidence	spurbeck	D	4000.0	1.1063482155981234e-08	2.6120500883921327e-08	1.341225183441533e-13	8.732631383616692e-11	9.164392381713746e-10	3.167792225068714e-09	1.019115838560729e-08	4.3478163898516235e-08	6.720810568468547e-07
norovirus	122928	incidence	spurbeck	E	4000.0	2.7278426836985527e-09	6.560299220034793e-09	5.185320273836369e-17	4.974992828367734e-12	1.302907031888053e-10	6.950424300836295e-10	2.4965676005392306e-09	1.134880518390688e-08	1.2313780845641933e-07
norovirus	122928	incidence	spurbeck	F	4000.0	3.3987656825769667e-09	1.038213085167958e-08	5.075399675922061e-17	4.200114043523605e-12	1.4569524427755396e-10	7.217011837155622e-10	2.8891843332007652e-09	1.4099422160467397e-08	3.117192531306277e-07
norovirus	122928	incidence	spurbeck	G	4000.0	3.85249861432167e-08	7.143539548194141e-08	1.2608180520167826e-12	4.1478686115565325e-10	3.6014358577643766e-09	1.3496691327826211e-08	4.125148100095421e-08	1.6562652857722004e-07	1.15352163508456e-06
norovirus	122928	incidence	spurbeck	H	4000.0	1.9944406079982754e-08	4.146531718961048e-08	1.7106704054742216e-13	2.711960941677718e-10	2.053808067487168e-09	7.137748709350691e-09	2.1044817030924953e-08	7.963939915814024e-08	9.274854878102805e-07
norovirus	122928	incidence	spurbeck	I	4000.0	2.842490833034932e-09	7.839030650561274e-09	1.1880006003678619e-17	4.1760595860948334e-12	1.3837694611442164e-10	7.374262900568358e-10	2.562606644280307e-09	1.2141403577197649e-08	2.0727934230014584e-07
norovirus	122928	incidence	spurbeck	J	4000.0	2.591161028677626e-09	6.08991742931228e-09	2.5126379931166262e-16	5.2055480593458e-12	1.297951148821504e-10	6.680854062095455e-10	2.4268685305421166e-09	1.1479630472953092e-08	1.6058889521610222e-07
norovirus	122928	incidence	spurbeck	Overall	4000.0	2.773989483595555e-09	4.1697296542335725e-09	2.8669502323288406e-13	7.250759908883427e-11	4.589856940944804e-10	1.3416681554137553e-09	3.4059936443115605e-09	9.887914222335799e-09	5.692011923966498e-08
norovirus	122929	incidence	crits_christoph	Berkeley	4000.0	5.14044975737406e-07	1.4990200721357914e-05	8.522511763276979e-15	5.559351665595433e-10	1.459877422026973e-08	6.57267539284381e-08	2.181073232980881e-07	9.553682301986404e-07	0.0009455621631279548
norovirus	122929	incidence	crits_christoph	Marin	4000.0	1.4701110637439302e-07	4.307326593732063e-07	1.5109727499226734e-15	4.0346989068471874e-10	1.0035338135300922e-08	4.678479044991772e-08	1.524536193750371e-07	5.74757703702797e-07	1.249665447768775e-05
norovirus	122929	incidence	crits_christoph	Oakland	4000.0	2.1010796695560907e-07	3.7504983733669655e-07	3.747711332973552e-12	5.215079554115833e-09	3.8576630723988636e-08	1.0374747284958985e-07	2.5449400458198725e-07	7.363880875363863e-07	1.0422929767862608e-05
norovirus	122929	incidence	crits_christoph	Overall	4000.0	3.364575408372325e-07	1.6089872421782901e-06	1.3913533826250916e-10	4.9729869627570475e-09	3.6393787731233203e-08	1.1064435228173572e-07	2.939187655248371e-07	1.0417728583990513e-06	7.590883863437915e-05
norovirus	122929	incidence	crits_christoph	SF	4000.0	1.9632066256250806e-06	3.409420916156519e-05	3.2768531905620785e-11	1.3406491544500546e-08	1.226292333147017e-07	4.344267481742899e-07	1.2355755014117597e-06	4.429888375805952e-06	0.0021212245339786865
norovirus	122929	incidence	rothman	ESC	4000.0	3.790700344388957e-06	3.842694505348604e-06	6.3264696349664e-08	5.363158326281676e-07	1.413123287329306e-06	2.6014841698598105e-06	4.806978564942258e-06	1.0866318904183613e-05	4.1589720301673346e-05
norovirus	122929	incidence	rothman	HTP	4000.0	7.979999705913392e-05	2.2116725355892446e-05	3.171551599409612e-05	4.98667407734354e-05	6.413452465456627e-05	7.677889605016477e-05	9.222372647358623e-05	0.00011812028954420529	0.00022112686853962535
norovirus	122929	incidence	rothman	JWPCP	4000.0	1.2957649835632584e-06	8.717511147608834e-07	7.758998496399769e-08	3.3303545282967813e-07	6.916856124717969e-07	1.0932661082806473e-06	1.6500890321834315e-06	2.920647377914376e-06	7.712215210894138e-06
norovirus	122929	incidence	rothman	NC	4000.0	1.147087854275472e-05	6.4352724026689185e-06	1.2314789808356388e-06	4.100251246059639e-06	7.007816814594707e-06	1.010089886978287e-05	1.4327836390175738e-05	2.3303102856124805e-05	8.279281052699508e-05
norovirus	122929	incidence	rothman	OC	4000.0	1.8250443742843045e-05	6.336188524256291e-06	3.88664326866311e-06	9.245192658694432e-06	1.3730944145854226e-05	1.7547713565611408e-05	2.197597292250786e-05	2.974660725282549e-05	6.0044007081108665e-05
norovirus	122929	incidence	rothman	Overall	4000.0	1.8502656741406707e-05	1.6654489702340836e-05	6.274571937113269e-07	4.594104138900671e-06	9.297023667765512e-06	1.4363985065342919e-05	2.1917519710576028e-05	4.440391490388194e-05	0.00021553905965113462
norovirus	122929	incidence	rothman	PL	4000.0	1.2987119879694853e-05	4.789365147681814e-06	2.3770770776755903e-06	6.473047722686747e-06	9.620390771672319e-06	1.2334137639197924e-05	1.5591575858904053e-05	2.161191818491067e-05	5.011127131701003e-05
norovirus	122929	incidence	rothman	SB	4000.0	0.00016983765987737794	7.522727954472006e-05	2.4737992503231443e-05	7.633333123829664e-05	0.00011702278365830073	0.00015675664500661103	0.0002071429107450244	0.000309417752390156	0.0007438605999743681
norovirus	122929	incidence	rothman	SJ	4000.0	1.723114661847002e-05	6.5039415207960834e-06	3.627246273737492e-06	8.497350400814467e-06	1.2569641990689814e-05	1.6164107095553552e-05	2.0862676441252873e-05	2.9473077722135142e-05	5.1311773184256126e-05
norovirus	122929	incidence	spurbeck	A	4000.0	1.2833973385355829e-09	2.7709049536841408e-09	2.1661652572319656e-20	2.199378928518286e-12	6.486933559761412e-11	3.246800086679776e-10	1.2839063244198317e-09	5.458805705383322e-09	4.260032380940488e-08
norovirus	122929	incidence	spurbeck	B	4000.0	1.5125795448197734e-09	3.780686679994657e-09	2.1198528427700173e-17	3.128027329857784e-12	7.69459922641938e-11	3.7931859596248786e-10	1.3646093822910227e-09	6.142110672032245e-09	8.454913303106035e-08
norovirus	122929	incidence	spurbeck	C	4000.0	2.4571178266114157e-09	7.94319414406735e-09	7.577240246023141e-17	2.769477240084794e-12	9.587448807477933e-11	5.529218713201844e-10	2.095541534455654e-09	1.0158100405658583e-08	2.114385078602007e-07
norovirus	122929	incidence	spurbeck	D	4000.0	1.7247864241065126e-08	2.916799411657389e-08	5.251499246931479e-11	8.738075380106065e-10	3.319767394244735e-09	8.638709575222998e-09	1.9057280233691324e-08	5.7312447745730855e-08	3.74675996322876e-07
norovirus	122929	incidence	spurbeck	E	4000.0	1.692714363579281e-09	3.981801429866846e-09	5.751437586292216e-16	3.1343916101221725e-12	8.171381196778513e-11	4.1891104958049864e-10	1.5743038439904568e-09	7.198898252843157e-09	6.784281248336519e-08
norovirus	122929	incidence	spurbeck	F	4000.0	1.2878876909587202e-07	1.4530345751622934e-07	4.720689056153314e-10	1.1511500870227853e-08	4.022567431379227e-08	8.504530406673248e-08	1.659126324592086e-07	3.6960498082897795e-07	2.0178682994068084e-06
norovirus	122929	incidence	spurbeck	G	4000.0	6.059456456072856e-08	8.370627595333401e-08	1.4829254409268027e-10	5.265884923899259e-09	1.8472468409408404e-08	3.937629833100017e-08	7.446895289944928e-08	1.8015897863303155e-07	3.0491958628592213e-06
norovirus	122929	incidence	spurbeck	H	4000.0	4.5634563105964815e-08	6.611706440903551e-08	2.491171549760584e-11	2.236219295193214e-09	1.008828625845105e-08	2.4575718008689857e-08	5.457070886189559e-08	1.5797108364005776e-07	8.099850512675593e-07
norovirus	122929	incidence	spurbeck	I	4000.0	1.7575569170060922e-09	3.893532964130398e-09	8.643591117826784e-17	2.0689017625772287e-12	8.005041619686475e-11	4.5385889297339143e-10	1.6929742386938145e-09	7.775007912902743e-09	6.038948917604591e-08
norovirus	122929	incidence	spurbeck	J	4000.0	4.302435322322805e-09	9.207005350676791e-09	6.150283336721865e-13	9.280402614749098e-11	6.313364609085136e-10	1.8214587164011164e-09	4.68062846925747e-09	1.613983238695083e-08	2.78554416157379e-07
norovirus	122929	incidence	spurbeck	Overall	4000.0	5.141435978386661e-09	9.584211113064033e-09	4.332836172687224e-12	3.0390771646629106e-10	1.222288862730951e-09	2.8340135691950736e-09	5.879463207751055e-09	1.6059831222617942e-08	3.3014982414507416e-07
norovirus	142786	incidence	crits_christoph	Berkeley	4000.0	3.753980941427614e-07	2.4770552844589965e-06	3.4958349807166704e-15	1.3834592831270252e-09	2.896068456938878e-08	1.162393957616896e-07	3.44110980621112e-07	1.2468432108915317e-06	0.00014164517777202077
norovirus	142786	incidence	crits_christoph	Marin	4000.0	1.6938673627835785e-07	2.7245971813941773e-07	1.814029888483777e-15	7.895487663986146e-10	1.9559305080428185e-08	7.944441039277567e-08	2.102675170629963e-07	6.302046512236396e-07	4.7516664450449824e-06
norovirus	142786	incidence	crits_christoph	Oakland	4000.0	5.714115021546843e-07	8.528029732161301e-07	1.318175435798973e-09	6.988118689331674e-08	2.1688365758984764e-07	3.8727979246933037e-07	6.862159765395086e-07	1.557954181620561e-06	2.8863654979768052e-05
norovirus	142786	incidence	crits_christoph	Overall	4000.0	4.3431426882506584e-07	9.328159602746954e-07	6.19873805918739e-11	1.8295590004865316e-08	9.530486314048129e-08	2.3001330135217464e-07	4.7494240289421233e-07	1.3392935334091758e-06	2.316255955305228e-05
norovirus	142786	incidence	crits_christoph	SF	4000.0	1.4636793659408027e-06	4.504542593165659e-06	1.3197955200024608e-11	6.968515488411394e-08	3.3346779017721143e-07	7.358773634254076e-07	1.514074709896544e-06	4.442194718788716e-06	0.00021264837806883244
norovirus	142786	incidence	rothman	ESC	4000.0	6.383657109232588e-06	5.873516061643371e-06	5.43163088205279e-08	1.1511221335564636e-06	2.6960582699214275e-06	4.733305455754025e-06	8.073094474425543e-06	1.7305762933435392e-05	7.778534561068826e-05
norovirus	142786	incidence	rothman	HTP	4000.0	8.400124548458116e-05	2.1275008600766545e-05	3.4328876444335985e-05	5.410838151716316e-05	6.921144969703014e-05	8.146660400444057e-05	9.615982167245151e-05	0.0001223599681437017	0.00021569724354882205
norovirus	142786	incidence	rothman	JWPCP	4000.0	1.6506873819587363e-06	9.658983635399225e-07	9.450014787745323e-08	5.056408710473812e-07	9.59851554682612e-07	1.4419510967068227e-06	2.1102869714050514e-06	3.486626932373303e-06	7.817865557140513e-06
norovirus	142786	incidence	rothman	NC	4000.0	1.3282449363267629e-05	7.20140842710595e-06	1.0126063533192454e-06	4.716821640090268e-06	8.188649297675032e-06	1.1803443949967871e-05	1.6639652223316613e-05	2.6883947347260768e-05	6.122079711829063e-05
norovirus	142786	incidence	rothman	OC	4000.0	2.179622165250925e-05	7.400171005694701e-06	5.661332802090078e-06	1.175673965434581e-05	1.6563635406414747e-05	2.0834511798039256e-05	2.5860284163998582e-05	3.551338302996916e-05	9.168719561280455e-05
norovirus	142786	incidence	rothman	Overall	4000.0	2.227398514276451e-05	1.940543911166651e-05	5.687402016409956e-07	5.859464538313176e-06	1.1425213980981773e-05	1.74058759163251e-05	2.6744139173981537e-05	5.402599172485892e-05	0.00026004664826498715
norovirus	142786	incidence	rothman	PL	4000.0	1.4205182281349866e-05	5.3331385852471815e-06	2.493387947834226e-06	7.097052379923681e-06	1.0443724228284719e-05	1.338701528426442e-05	1.7068858110980215e-05	2.4214591439219542e-05	4.2538929259909423e-05
norovirus	142786	incidence	rothman	SB	4000.0	0.00019537134033424693	8.940424254751678e-05	3.4042897554624744e-05	8.590133278679617e-05	0.00013386019636485864	0.0001771667032499864	0.00023957820285754617	0.00035956742614839254	0.0008302949284900545
norovirus	142786	incidence	rothman	SJ	4000.0	2.297273336325901e-05	8.280135880916325e-06	4.913035321858443e-06	1.2024941523981445e-05	1.708754699015328e-05	2.1538428118098897e-05	2.741842081168205e-05	3.8036656842789516e-05	8.057765571795557e-05
norovirus	142786	incidence	spurbeck	A	4000.0	9.741280203181482e-10	2.2894569311816877e-09	1.5412371643643544e-17	2.101502941620771e-12	4.6959005113763254e-11	2.5562065371433133e-10	9.51448786096463e-10	4.2278481302789565e-09	6.477596604005789e-08
norovirus	142786	incidence	spurbeck	B	4000.0	1.233684786138247e-09	2.950184912431037e-09	4.231084264077633e-17	2.1038645206850152e-12	5.255703773044932e-11	3.0826594431886256e-10	1.2037020535264446e-09	5.5420091884298556e-09	6.365675227835665e-08
norovirus	142786	incidence	spurbeck	C	4000.0	2.0504116232128753e-09	5.77626641591013e-09	1.272950763738368e-15	2.324494591820324e-12	7.11077886860722e-11	3.8817519846407674e-10	1.5751748703886165e-09	8.661444305920946e-09	1.1705727925587809e-07
norovirus	142786	incidence	spurbeck	D	4000.0	2.675573043621107e-08	4.625067461775929e-08	4.333428990787386e-11	1.4797217488453606e-09	5.83468549152267e-09	1.3996824505613454e-08	2.877484206415336e-08	9.203576349014691e-08	7.805472308644129e-07
norovirus	142786	incidence	spurbeck	E	4000.0	1.4237930190296412e-09	3.649802604629728e-09	3.4714159940261084e-17	1.9185422537679237e-12	6.123259169750397e-11	3.317182946509597e-10	1.2748410326695765e-09	6.089327323305123e-09	8.193359080268106e-08
norovirus	142786	incidence	spurbeck	F	4000.0	1.254341006255368e-07	1.614793972867935e-07	9.46546669297796e-10	1.1408916282657794e-08	3.7308350355549734e-08	7.844314858304286e-08	1.534251336523804e-07	3.9260519007776015e-07	2.8873362314713693e-06
norovirus	142786	incidence	spurbeck	G	4000.0	6.780656239530265e-08	8.767802539492892e-08	7.295151530014598e-11	6.218332336168887e-09	2.0977405941573242e-08	4.312148709080075e-08	8.301152314251804e-08	2.0545193830798954e-07	1.758524253355301e-06
norovirus	142786	incidence	spurbeck	H	4000.0	4.3379377516880513e-08	6.398667638687579e-08	2.290367473732321e-10	2.8054793190080644e-09	1.1061042118613738e-08	2.4469814226714923e-08	5.144849324449139e-08	1.3764027333399085e-07	1.2607267997291876e-06
norovirus	142786	incidence	spurbeck	I	4000.0	1.4619431801644552e-09	4.028399728125962e-09	8.001387945277252e-19	2.127437754402108e-12	6.929486312639203e-11	3.522141385637446e-10	1.3034230713112313e-09	6.131174944475408e-09	1.2485207984993034e-07
norovirus	142786	incidence	spurbeck	J	4000.0	3.7471035019037184e-09	6.821910429554882e-09	1.0722858658690365e-12	8.783108788037537e-11	5.694767497573496e-10	1.5975149810626509e-09	4.1628897096472125e-09	1.4214084256436996e-08	1.0908283614629122e-07
norovirus	142786	incidence	spurbeck	Overall	4000.0	4.5840594317862735e-09	8.18066823223422e-09	7.517537194839159e-12	2.78892972540858e-10	1.144108130903362e-09	2.679777099409115e-09	5.268214390446158e-09	1.4239938675374793e-08	2.9643005265574447e-07
sars_cov_2	2697049	incidence	crits_christoph	Berkeley	4000.0	1.7497710514781808e-08	5.195507621719853e-08	8.608981815355994e-20	2.8995399834970266e-11	8.427210635130556e-10	4.2594065781047145e-09	1.5760821441645848e-08	7.119818670115247e-08	1.6181962190791685e-06
sars_cov_2	2697049	incidence	crits_christoph	Marin	4000.0	1.3525919680429495e-07	4.03896167664016e-07	2.9629855055397687e-10	1.5812157306035505e-08	4.955120456456813e-08	8.66949409993464e-08	1.4467170654984334e-07	3.358015711539403e-07	1.8298963666057417e-05
sars_cov_2	2697049	incidence	crits_christoph	Oakland	4000.0	9.8401414911218e-08	1.2560084051029597e-07	1.124727672250586e-09	1.774443424174751e-08	4.656598650125362e-08	7.683372437688976e-08	1.161452601920507e-07	2.2988782745917175e-07	4.61583298208003e-06
sars_cov_2	2697049	incidence	crits_christoph	Overall	4000.0	5.296835122803168e-08	1.7940167251234718e-07	2.433231900807546e-11	1.3473955426338065e-09	8.157912823159144e-09	2.1160924026628336e-08	4.924397755874668e-08	1.7722631394633978e-07	7.578393309529362e-06
sars_cov_2	2697049	incidence	crits_christoph	SF	4000.0	1.80629238609461e-08	6.501584695205291e-08	2.174656072493669e-18	2.2500679282449965e-11	7.805534747830271e-10	4.029440195672977e-09	1.4618669093297545e-08	6.669434694148707e-08	1.9824809429690978e-06
sars_cov_2	2697049	incidence	rothman	ESC	4000.0	3.738800626027646e-08	3.8751718475195666e-08	4.5962555325286126e-10	5.8255173207512934e-09	1.4766685739725776e-08	2.6811300437288843e-08	4.665863968043593e-08	1.0592400346648394e-07	5.956478213576401e-07
sars_cov_2	2697049	incidence	rothman	HTP	4000.0	5.667793438631783e-08	1.8709096478978447e-08	1.6691891225647297e-08	2.9586052733822234e-08	4.3414289706567234e-08	5.478467799139097e-08	6.761034339602387e-08	9.034527496722463e-08	1.5975264096898735e-07
sars_cov_2	2697049	incidence	rothman	JWPCP	4000.0	1.3960030713187862e-09	1.6564572630399122e-09	1.300629466863662e-15	4.510265693609451e-11	3.152283396881797e-10	8.22956294465134e-10	1.82745398074696e-09	4.682876494852231e-09	1.865070480573305e-08
sars_cov_2	2697049	incidence	rothman	NC	4000.0	6.567813450182703e-09	6.863446895357008e-09	2.0266098405852572e-11	6.310248267012809e-10	2.1406447619196586e-09	4.405268091571319e-09	8.602809054793815e-09	1.9809165151234694e-08	6.657607318344833e-08
sars_cov_2	2697049	incidence	rothman	OC	4000.0	1.1348876940687836e-08	6.006079830445105e-09	6.40718024186594e-10	3.796045314876588e-09	7.154778929233441e-09	1.0258034336153127e-08	1.4341391058145705e-08	2.2621904326861135e-08	6.085403381216977e-08
sars_cov_2	2697049	incidence	rothman	Overall	4000.0	9.541671223835403e-09	8.826185598778873e-09	9.866616958043004e-11	1.7983772719842956e-09	4.437140948335589e-09	7.475722189447124e-09	1.1941321866034957e-08	2.3628410020537902e-08	1.4618128981749685e-07
sars_cov_2	2697049	incidence	rothman	PL	4000.0	2.621424676211385e-09	1.561458078265994e-09	2.427122271477282e-10	8.029989923764151e-10	1.5071138245728596e-09	2.2894005810225864e-09	3.365055134552731e-09	5.661125424652685e-09	1.80574276209494e-08
sars_cov_2	2697049	incidence	rothman	SB	4000.0	3.164982334855918e-09	4.200064477261593e-09	2.3445630600489587e-13	8.001166245121922e-11	6.026584849561669e-10	1.7613032217302575e-09	4.046548610565231e-09	1.0795422573107108e-08	4.598091533235208e-08
sars_cov_2	2697049	incidence	rothman	SJ	4000.0	2.9356465624508397e-08	1.3917406364402744e-08	1.90063674112739e-09	1.1516677475256753e-08	1.9313238958766584e-08	2.690969973742226e-08	3.66462885470709e-08	5.513520200656431e-08	1.1116060341944422e-07
sars_cov_2	2697049	incidence	spurbeck	A	4000.0	1.2114212667180311e-11	2.551953659666734e-11	9.94178343526199e-19	3.3063836287788806e-14	7.35439194069568e-13	3.5830527629953436e-12	1.1869095915017356e-11	5.099820069158516e-11	3.5316721173260187e-10
sars_cov_2	2697049	incidence	spurbeck	B	4000.0	1.5602167344549037e-11	3.881378398689068e-11	7.240055729926882e-17	4.282200235265916e-14	8.275926688963234e-13	4.068107852667184e-12	1.3990780996871768e-11	6.559351896195328e-11	1.0527732784604295e-09
sars_cov_2	2697049	incidence	spurbeck	C	4000.0	1.851045137384656e-11	6.189085923227047e-11	2.440069153135201e-19	4.5960141971772115e-14	9.766973086582868e-13	4.680629664256017e-12	1.620805173959857e-11	7.465050008746853e-11	2.1116742935368683e-09
sars_cov_2	2697049	incidence	spurbeck	D	4000.0	1.8070420228754846e-11	4.3412570408599854e-11	4.5305955966752e-18	4.982040284390603e-14	1.0038965127903808e-12	4.679591883628961e-12	1.6271977564442397e-11	7.47749657153647e-11	7.617047509435627e-10
sars_cov_2	2697049	incidence	spurbeck	E	4000.0	1.5240377120216086e-11	3.849232212027102e-11	4.846154434721584e-22	3.6461078023301605e-14	8.081780060792128e-13	4.092049383103464e-12	1.4146327524909375e-11	6.507031285364434e-11	1.0349213591364307e-09
sars_cov_2	2697049	incidence	spurbeck	F	4000.0	6.64825809519876e-11	1.7958900915483217e-10	1.9366247769367713e-15	3.7243296127457237e-13	4.26857321515023e-12	1.6943670313656827e-11	5.544715472530326e-11	2.8575898744985103e-10	4.774687230715343e-09
sars_cov_2	2697049	incidence	spurbeck	G	4000.0	9.531386253624509e-11	2.003953723317581e-10	7.187381382241487e-16	8.712323197266199e-13	7.93174673355501e-12	2.9146079351712107e-11	9.69653771271092e-11	3.977744632892839e-10	3.0870285538802958e-09
sars_cov_2	2697049	incidence	spurbeck	H	4000.0	7.369578337319047e-11	2.0904030253047125e-10	2.6593439966718348e-17	4.076153574512597e-13	4.92421611190767e-12	1.7216468754190793e-11	6.046248046271133e-11	2.939239878602814e-10	5.181547726072086e-09
sars_cov_2	2697049	incidence	spurbeck	I	4000.0	1.7107721086625377e-11	4.2441139821150695e-11	2.2530816251515726e-17	4.423059084183319e-14	9.137952520825406e-13	4.553076572675795e-12	1.5869023085068185e-11	7.099835006255386e-11	1.2573839970216678e-09
sars_cov_2	2697049	incidence	spurbeck	J	4000.0	3.622140590859671e-11	8.604263259823002e-11	7.71232037249352e-17	2.7253385750434524e-13	2.963594067566048e-12	1.1680461535081386e-11	3.442699545638547e-11	1.4630849749011138e-10	2.5598454961326327e-09
sars_cov_2	2697049	incidence	spurbeck	Overall	4000.0	1.611988184636157e-11	2.4239888415726382e-11	1.625762032256276e-15	3.4010091198849603e-13	2.5533247918813146e-12	7.777924414876157e-12	1.9572999402727317e-11	6.183830177083504e-11	3.4337019954183467e-10
